user_id,matched_user_id,action,timestamp,text_score,mbti_score,skill_score,location_score,experience_score,compatibility_score
U001,U006,0,2026-08-01 09:37:00,27.5,70.0,28.57,0.0,80.0,36.04
U001,U038,0,2026-08-06 20:31:00,29.87,60.0,33.33,0.0,50.0,34.44
U001,U091,0,2026-08-12 23:28:00,6.1,65.0,0.0,0.0,50.0,18.55
U001,U099,0,2026-08-20 04:06:00,7.47,75.0,0.0,0.0,50.0,21.23
U001,U020,1,2026-08-03 10:35:00,27.08,85.0,28.57,0.0,50.0,37.33
U002,U015,0,2026-08-26 07:07:00,7.49,75.0,14.29,0.0,50.0,23.39
U002,U017,0,2026-08-07 11:22:00,16.73,70.0,14.29,0.0,90.0,29.01
U002,U050,0,2026-08-23 05:49:00,11.55,55.0,14.29,0.0,70.0,22.42
U002,U021,1,2026-08-30 05:57:00,10.15,85.0,28.57,0.0,50.0,28.86
U002,U014,1,2026-08-30 18:42:00,20.32,60.0,14.29,0.0,100.0,29.3
U003,U011,1,2026-08-11 03:17:00,4.89,85.0,0.0,0.0,70.0,22.94
U003,U068,0,2026-08-04 04:31:00,11.16,65.0,14.29,0.0,100.0,25.72
U003,U081,0,2026-08-03 00:39:00,3.44,55.0,0.0,100.0,70.0,26.22
U003,U015,1,2026-08-10 01:32:00,5.23,80.0,14.29,0.0,50.0,23.26
U003,U076,1,2026-08-04 21:11:00,2.01,85.0,0.0,100.0,90.0,32.5
U004,U077,0,2026-08-10 04:56:00,14.59,100.0,16.67,0.0,100.0,34.8
U004,U036,0,2026-08-14 02:53:00,8.29,100.0,0.0,0.0,50.0,26.65
U004,U049,0,2026-08-03 00:37:00,68.8,100.0,57.14,0.0,80.0,66.97
U004,U095,0,2026-08-30 08:34:00,27.6,100.0,0.0,0.0,100.0,38.8
U004,U025,0,2026-08-29 12:52:00,8.93,55.0,0.0,0.0,90.0,19.97
U005,U087,0,2026-08-28 01:26:00,4.6,65.0,16.67,0.0,90.0,22.3
U005,U095,1,2026-08-13 22:51:00,4.8,85.0,0.0,0.0,90.0,23.9
U005,U021,0,2026-08-03 20:52:00,5.11,75.0,16.67,0.0,50.0,22.55
U005,U075,0,2026-08-07 13:53:00,5.86,60.0,0.0,0.0,100.0,19.93
U005,U041,0,2026-08-16 15:01:00,5.57,65.0,0.0,0.0,80.0,19.79
U006,U060,0,2026-08-30 21:15:00,4.88,55.0,0.0,0.0,90.0,17.94
U006,U045,1,2026-08-02 02:35:00,2.84,100.0,0.0,0.0,90.0,25.92
U006,U051,1,2026-08-02 05:35:00,11.43,85.0,14.29,0.0,70.0,28.36
U006,U013,0,2026-08-13 10:02:00,4.85,80.0,14.29,0.0,70.0,24.07
U006,U093,1,2026-08-19 12:57:00,4.58,70.0,0.0,0.0,50.0,18.79
U007,U024,0,2026-08-10 16:41:00,16.3,40.0,0.0,0.0,60.0,19.15
U007,U026,0,2026-08-25 17:36:00,7.05,55.0,0.0,0.0,90.0,19.03
U007,U092,0,2026-08-19 16:57:00,12.44,85.0,14.29,0.0,70.0,28.86
U007,U096,1,2026-08-30 20:59:00,11.35,100.0,0.0,0.0,70.0,29.17
U007,U008,0,2026-08-04 04:06:00,7.23,75.0,0.0,0.0,50.0,21.11
U008,U066,0,2026-08-24 19:32:00,3.81,75.0,14.29,0.0,50.0,21.55
U008,U016,1,2026-08-27 17:00:00,7.72,80.0,0.0,0.0,50.0,22.36
U008,U076,0,2026-08-24 20:24:00,5.08,90.0,0.0,0.0,50.0,23.04
U008,U046,1,2026-08-25 11:33:00,2.13,55.0,20.0,0.0,100.0,20.07
U008,U035,1,2026-08-26 11:53:00,76.68,65.0,40.0,0.0,50.0,59.84
U009,U035,0,2026-08-27 01:45:00,5.56,60.0,0.0,0.0,100.0,19.78
U009,U070,0,2026-08-30 21:43:00,35.6,70.0,14.29,0.0,70.0,37.44
U009,U019,0,2026-08-02 15:07:00,5.65,65.0,0.0,100.0,90.0,30.32
U009,U071,1,2026-08-29 08:15:00,44.63,70.0,33.33,0.0,80.0,45.32
U009,U075,0,2026-08-21 17:00:00,3.65,75.0,0.0,0.0,90.0,21.32
U010,U062,0,2026-08-10 09:41:00,15.66,80.0,0.0,0.0,90.0,28.33
U010,U083,0,2026-08-17 14:02:00,6.79,85.0,0.0,0.0,50.0,22.89
U010,U021,0,2026-08-08 06:29:00,8.63,70.0,0.0,0.0,50.0,20.81
U010,U038,0,2026-08-12 10:14:00,6.67,50.0,0.0,100.0,90.0,27.83
U010,U074,1,2026-08-05 05:56:00,8.82,65.0,0.0,0.0,90.0,21.91
U011,U091,1,2026-08-08 23:19:00,2.84,60.0,0.0,100.0,70.0,26.92
U011,U083,1,2026-08-03 03:16:00,2.67,100.0,0.0,0.0,50.0,23.83
U011,U094,1,2026-08-07 03:46:00,10.37,65.0,20.0,0.0,80.0,25.18
U011,U021,0,2026-08-25 04:10:00,3.7,55.0,16.67,0.0,50.0,17.85
U011,U079,1,2026-08-15 22:44:00,4.96,50.0,0.0,0.0,100.0,17.48
U012,U061,0,2026-08-17 09:16:00,8.52,85.0,0.0,0.0,90.0,25.76
U012,U055,0,2026-08-27 20:09:00,6.17,100.0,0.0,0.0,100.0,28.09
U012,U040,0,2026-08-21 12:54:00,56.59,50.0,20.0,0.0,80.0,45.29
U012,U009,1,2026-08-09 09:40:00,8.29,70.0,0.0,100.0,90.0,32.64
U012,U045,0,2026-08-06 17:45:00,7.77,50.0,0.0,0.0,50.0,16.39
U013,U025,0,2026-08-05 05:42:00,3.15,55.0,0.0,0.0,50.0,15.08
U013,U049,0,2026-08-30 18:41:00,5.81,100.0,0.0,0.0,50.0,25.4
U013,U040,1,2026-08-06 19:47:00,5.31,80.0,16.67,0.0,50.0,23.66
U013,U057,1,2026-08-09 03:23:00,61.25,75.0,50.0,0.0,50.0,55.63
U013,U032,0,2026-08-09 17:44:00,5.23,60.0,0.0,0.0,50.0,17.12
U014,U051,0,2026-08-05 00:28:00,14.19,80.0,14.29,0.0,60.0,28.24
U014,U069,0,2026-08-28 10:41:00,5.96,85.0,0.0,0.0,100.0,24.98
U014,U025,0,2026-08-23 20:51:00,4.61,70.0,0.0,0.0,100.0,21.3
U014,U034,1,2026-08-15 11:57:00,52.39,65.0,14.29,0.0,100.0,46.34
U014,U015,0,2026-08-17 03:31:00,3.73,85.0,0.0,0.0,50.0,21.37
U015,U071,0,2026-08-09 08:30:00,7.25,70.0,28.57,0.0,50.0,24.41
U015,U084,0,2026-08-22 20:18:00,2.06,85.0,0.0,0.0,50.0,20.53
U015,U014,0,2026-08-17 01:55:00,3.73,85.0,0.0,0.0,50.0,21.37
U015,U002,1,2026-08-14 10:30:00,7.49,75.0,14.29,0.0,50.0,23.39
U015,U088,1,2026-08-26 13:00:00,1.55,65.0,0.0,0.0,50.0,16.27
U016,U044,0,2026-08-26 23:20:00,12.47,90.0,16.67,0.0,50.0,29.23
U016,U006,0,2026-08-21 20:34:00,21.59,55.0,0.0,0.0,50.0,24.3
U016,U012,1,2026-08-31 03:16:00,3.03,75.0,0.0,0.0,80.0,20.52
U016,U073,0,2026-08-03 20:01:00,1.93,55.0,0.0,0.0,90.0,16.47
U016,U043,0,2026-08-25 16:58:00,16.67,90.0,0.0,0.0,90.0,30.83
U017,U006,0,2026-08-29 04:05:00,21.39,55.0,28.57,0.0,50.0,28.48
U017,U015,0,2026-08-04 02:17:00,3.59,75.0,0.0,0.0,50.0,19.3
U017,U013,1,2026-08-23 11:22:00,4.83,75.0,0.0,0.0,50.0,19.91
U017,U040,0,2026-08-26 03:15:00,3.09,55.0,0.0,0.0,90.0,17.05
U017,U004,0,2026-08-06 05:34:00,7.57,75.0,0.0,0.0,100.0,23.78
U018,U092,1,2026-08-20 05:13:00,10.12,80.0,14.29,0.0,100.0,28.2
U018,U054,0,2026-08-18 03:07:00,5.22,55.0,0.0,0.0,50.0,16.11
U018,U086,0,2026-08-05 23:27:00,4.57,75.0,0.0,0.0,60.0,20.28
U018,U044,0,2026-08-27 09:58:00,13.49,100.0,0.0,0.0,60.0,29.74
U018,U060,0,2026-08-26 20:56:00,17.73,90.0,0.0,0.0,50.0,29.36
U019,U061,0,2026-08-05 15:16:00,6.56,50.0,0.0,0.0,70.0,16.78
U019,U014,0,2026-08-05 07:35:00,2.05,80.0,0.0,0.0,100.0,22.02
U019,U016,0,2026-08-07 23:45:00,1.63,70.0,0.0,0.0,100.0,19.82
U019,U003,1,2026-08-28 11:55:00,7.05,85.0,14.29,0.0,70.0,26.17
U019,U082,1,2026-08-02 07:22:00,5.23,85.0,0.0,0.0,90.0,24.11
U020,U015,1,2026-08-25 00:18:00,20.36,75.0,28.57,0.0,50.0,31.97
U020,U057,0,2026-08-14 10:09:00,5.91,100.0,0.0,0.0,90.0,27.45
U020,U005,0,2026-08-31 12:16:00,4.71,60.0,14.29,100.0,100.0,31.5
U020,U089,0,2026-08-21 12:42:00,17.58,90.0,28.57,0.0,100.0,36.08
U020,U009,0,2026-08-14 23:32:00,10.23,75.0,0.0,0.0,90.0,24.61
U021,U012,0,2026-08-31 10:43:00,18.74,60.0,0.0,0.0,50.0,23.87
U021,U004,1,2026-08-01 06:41:00,30.61,90.0,0.0,0.0,50.0,35.81
U021,U080,1,2026-08-17 14:58:00,9.98,75.0,16.67,0.0,70.0,25.99
U021,U002,0,2026-08-11 11:41:00,10.15,85.0,28.57,0.0,50.0,28.86
U021,U008,0,2026-08-07 13:55:00,3.06,65.0,16.67,0.0,60.0,20.03
U022,U096,0,2026-08-21 12:24:00,4.54,60.0,0.0,0.0,80.0,18.27
U022,U029,0,2026-08-02 20:29:00,3.84,80.0,0.0,100.0,70.0,31.42
U022,U071,1,2026-08-01 18:03:00,26.67,70.0,50.0,100.0,100.0,49.84
U022,U016,1,2026-08-18 10:30:00,5.83,65.0,20.0,0.0,70.0,22.42
U022,U055,1,2026-08-10 04:14:00,30.92,70.0,16.67,0.0,90.0,36.46
U023,U065,0,2026-08-21 14:54:00,8.05,65.0,0.0,0.0,90.0,21.52
U023,U082,0,2026-08-12 07:28:00,6.24,70.0,14.29,0.0,80.0,23.26
U023,U054,0,2026-08-07 06:03:00,4.63,80.0,14.29,0.0,60.0,23.46
U023,U014,0,2026-08-23 02:09:00,11.5,75.0,14.29,0.0,70.0,26.39
U023,U042,0,2026-08-07 11:06:00,13.69,80.0,14.29,0.0,80.0,28.99
U024,U003,0,2026-08-22 17:13:00,4.97,40.0,0.0,100.0,70.0,23.99
U024,U082,0,2026-08-12 03:40:00,2.1,40.0,0.0,0.0,90.0,13.55
U024,U100,0,2026-08-12 07:32:00,6.23,40.0,0.0,0.0,80.0,15.11
U024,U002,0,2026-08-13 23:43:00,24.61,85.0,14.29,0.0,100.0,36.45
U024,U022,0,2026-08-24 06:40:00,5.8,80.0,0.0,0.0,70.0,22.4
U025,U094,0,2026-08-04 18:57:00,3.01,55.0,0.0,0.0,80.0,16.51
U025,U092,0,2026-08-04 19:03:00,11.48,90.0,14.29,0.0,90.0,30.38
U025,U002,0,2026-08-17 00:39:00,3.33,50.0,14.29,0.0,100.0,18.81
U025,U074,0,2026-08-11 16:59:00,8.49,70.0,0.0,0.0,70.0,21.74
U025,U066,1,2026-08-29 15:44:00,7.92,75.0,0.0,0.0,50.0,21.46
U026,U058,0,2026-08-19 14:26:00,1.59,70.0,0.0,0.0,70.0,18.3
U026,U066,0,2026-08-12 19:27:00,7.89,55.0,0.0,0.0,100.0,19.94
U026,U006,0,2026-08-20 21:37:00,24.55,55.0,28.57,0.0,80.0,31.56
U026,U022,1,2026-08-10 12:08:00,4.7,65.0,0.0,100.0,80.0,29.35
U026,U012,1,2026-08-02 08:23:00,2.26,75.0,0.0,0.0,70.0,19.63
U027,U015,1,2026-08-22 12:43:00,2.37,55.0,0.0,0.0,50.0,14.69
U027,U020,0,2026-08-27 03:31:00,8.15,50.0,14.29,0.0,90.0,20.72
U027,U017,0,2026-08-09 05:02:00,6.11,50.0,0.0,0.0,100.0,18.06
U027,U064,0,2026-08-01 05:01:00,4.78,70.0,0.0,0.0,50.0,18.89
U027,U055,1,2026-08-05 01:23:00,8.78,55.0,0.0,0.0,90.0,19.89
U028,U033,0,2026-08-08 06:08:00,3.2,50.0,0.0,0.0,80.0,15.6
U028,U024,0,2026-08-09 04:00:00,4.41,65.0,0.0,100.0,80.0,29.21
U028,U084,1,2026-08-02 14:27:00,3.93,70.0,0.0,0.0,90.0,20.47
U028,U045,0,2026-08-25 10:25:00,35.55,75.0,42.86,0.0,50.0,41.71
U028,U012,0,2026-08-19 13:46:00,8.95,55.0,0.0,0.0,100.0,20.47
U029,U042,0,2026-08-21 20:04:00,2.01,50.0,0.0,0.0,90.0,15.51
U029,U031,1,2026-08-21 20:36:00,2.43,40.0,0.0,0.0,100.0,14.21
U029,U064,0,2026-08-22 13:47:00,2.42,75.0,0.0,0.0,50.0,18.71
U029,U011,1,2026-08-19 05:06:00,2.56,55.0,0.0,0.0,100.0,17.28
U029,U038,0,2026-08-13 13:02:00,5.91,90.0,0.0,0.0,90.0,25.45
U030,U005,0,2026-08-10 19:57:00,3.66,65.0,0.0,0.0,90.0,19.33
U030,U062,0,2026-08-08 05:33:00,25.99,80.0,0.0,0.0,80.0,32.99
U030,U053,1,2026-08-29 07:45:00,16.09,85.0,0.0,0.0,90.0,29.55
U030,U016,1,2026-08-23 23:32:00,6.67,55.0,0.0,0.0,90.0,18.83
U030,U032,0,2026-08-24 13:15:00,5.38,40.0,0.0,0.0,90.0,15.19
U031,U097,0,2026-08-10 03:05:00,13.07,80.0,16.67,0.0,90.0,29.53
U031,U064,0,2026-08-10 12:55:00,6.79,65.0,0.0,0.0,50.0,18.89
U031,U081,0,2026-08-22 16:09:00,5.17,55.0,0.0,0.0,100.0,18.59
U031,U055,0,2026-08-12 10:30:00,16.59,50.0,0.0,0.0,80.0,22.29
U031,U072,0,2026-08-29 03:21:00,9.39,100.0,14.29,0.0,50.0,29.34
U032,U027,0,2026-08-18 09:09:00,4.0,65.0,0.0,0.0,90.0,19.5
U032,U013,0,2026-08-26 00:07:00,5.23,60.0,0.0,0.0,50.0,17.12
U032,U051,0,2026-08-15 21:03:00,9.15,55.0,0.0,0.0,60.0,18.58
U032,U039,0,2026-08-08 18:59:00,13.3,65.0,0.0,0.0,50.0,22.15
U032,U026,1,2026-08-11 23:25:00,70.06,85.0,57.14,0.0,50.0,63.1
U033,U043,1,2026-08-17 06:57:00,6.93,90.0,0.0,100.0,90.0,35.96
U033,U022,1,2026-08-06 03:07:00,3.35,65.0,0.0,0.0,70.0,18.18
U033,U063,0,2026-08-31 01:18:00,5.12,75.0,0.0,0.0,50.0,20.06
U033,U055,0,2026-08-07 03:14:00,4.38,75.0,0.0,0.0,80.0,21.19
U033,U023,1,2026-08-27 13:46:00,11.69,85.0,0.0,0.0,70.0,26.34
U034,U051,0,2026-08-20 00:27:00,11.97,85.0,33.33,0.0,60.0,30.98
U034,U095,0,2026-08-19 20:39:00,12.67,80.0,33.33,0.0,90.0,31.83
U034,U072,1,2026-08-22 12:20:00,14.3,100.0,14.29,0.0,50.0,31.79
U034,U080,0,2026-08-14 09:32:00,4.48,65.0,0.0,0.0,50.0,17.74
U034,U075,1,2026-08-05 23:24:00,7.47,55.0,0.0,0.0,80.0,18.74
U035,U004,1,2026-08-22 20:17:00,4.8,60.0,0.0,0.0,100.0,19.4
U035,U072,0,2026-08-30 11:04:00,6.61,40.0,28.57,0.0,60.0,18.59
U035,U057,1,2026-08-17 07:51:00,12.02,85.0,0.0,0.0,80.0,27.01
U035,U001,1,2026-08-12 09:27:00,9.88,70.0,33.33,0.0,50.0,26.44
U035,U074,0,2026-08-26 16:25:00,4.59,75.0,16.67,0.0,80.0,23.8
U036,U012,0,2026-08-02 08:41:00,7.91,70.0,0.0,0.0,50.0,20.45
U036,U023,0,2026-08-17 12:58:00,10.83,90.0,14.29,0.0,50.0,28.06
U036,U041,0,2026-08-05 21:00:00,24.09,80.0,14.29,0.0,50.0,32.69
U036,U034,0,2026-08-09 21:16:00,8.43,80.0,16.67,100.0,50.0,35.22
U036,U087,0,2026-08-23 05:59:00,21.94,80.0,16.67,0.0,50.0,31.97
U037,U036,0,2026-08-28 17:39:00,16.85,65.0,33.33,0.0,50.0,28.92
U037,U096,0,2026-08-12 09:48:00,29.63,85.0,14.29,0.0,90.0,38.46
U037,U054,0,2026-08-05 13:58:00,5.37,75.0,0.0,0.0,50.0,20.18
U037,U027,0,2026-08-16 01:59:00,1.03,60.0,0.0,0.0,90.0,17.01
U037,U004,0,2026-08-21 04:47:00,6.32,65.0,0.0,0.0,90.0,20.66
U038,U050,0,2026-08-30 14:32:00,5.99,50.0,0.0,0.0,80.0,17.0
U038,U094,1,2026-08-28 03:22:00,11.09,70.0,0.0,0.0,90.0,24.04
U038,U092,1,2026-08-17 10:40:00,4.6,65.0,14.29,0.0,100.0,22.44
U038,U079,0,2026-08-05 17:35:00,2.94,85.0,0.0,0.0,90.0,22.97
U038,U055,0,2026-08-28 05:51:00,12.02,100.0,0.0,0.0,90.0,30.51
U039,U087,1,2026-08-19 17:49:00,2.9,75.0,0.0,0.0,60.0,19.45
U039,U074,0,2026-08-29 20:36:00,2.61,40.0,0.0,0.0,80.0,13.3
U039,U096,0,2026-08-30 06:00:00,9.7,75.0,0.0,100.0,60.0,32.85
U039,U076,0,2026-08-07 00:10:00,62.38,60.0,42.86,0.0,90.0,54.12
U039,U049,0,2026-08-03 02:51:00,3.3,55.0,0.0,0.0,80.0,16.65
U040,U030,0,2026-08-30 14:36:00,12.76,100.0,16.67,0.0,90.0,33.38
U040,U041,0,2026-08-24 01:07:00,5.99,100.0,0.0,0.0,100.0,27.99
U040,U016,0,2026-08-27 03:43:00,5.44,55.0,0.0,0.0,100.0,18.72
U040,U050,1,2026-08-24 09:58:00,10.27,100.0,20.0,0.0,70.0,31.63
U040,U008,0,2026-08-16 21:00:00,3.31,75.0,20.0,100.0,50.0,32.16
U041,U076,0,2026-08-14 05:50:00,6.48,85.0,0.0,100.0,60.0,33.24
U041,U087,0,2026-08-31 07:42:00,24.95,100.0,14.29,100.0,90.0,49.12
U041,U028,0,2026-08-28 07:36:00,11.12,75.0,14.29,100.0,80.0,36.7
U041,U059,0,2026-08-22 04:56:00,7.97,70.0,0.0,0.0,50.0,20.48
U041,U042,0,2026-08-22 19:46:00,9.99,90.0,0.0,0.0,90.0,27.5
U042,U048,1,2026-08-31 00:32:00,4.82,55.0,14.29,0.0,80.0,19.55
U042,U063,1,2026-08-27 08:32:00,19.01,70.0,16.67,0.0,50.0,28.5
U042,U057,0,2026-08-02 00:38:00,5.01,65.0,0.0,0.0,80.0,19.51
U042,U015,0,2026-08-19 10:20:00,6.49,70.0,14.29,0.0,50.0,21.89
U042,U079,0,2026-08-30 07:29:00,6.68,55.0,0.0,0.0,90.0,18.84
U043,U095,1,2026-08-13 05:57:00,12.98,85.0,0.0,0.0,100.0,28.49
U043,U094,0,2026-08-26 14:29:00,16.73,85.0,0.0,0.0,90.0,29.86
U043,U003,0,2026-08-20 03:25:00,8.05,65.0,0.0,0.0,80.0,21.03
U043,U076,0,2026-08-29 07:04:00,5.45,80.0,0.0,0.0,70.0,22.22
U043,U055,0,2026-08-21 21:17:00,9.1,85.0,0.0,0.0,90.0,26.05
U044,U010,0,2026-08-20 11:50:00,3.21,65.0,0.0,0.0,70.0,18.11
U044,U092,0,2026-08-15 02:50:00,9.88,80.0,0.0,0.0,60.0,23.94
U044,U004,1,2026-08-10 13:07:00,8.38,85.0,0.0,0.0,60.0,24.19
U044,U021,0,2026-08-31 20:51:00,10.16,75.0,0.0,0.0,50.0,22.58
U044,U064,0,2026-08-13 07:55:00,8.2,70.0,0.0,100.0,50.0,30.6
U045,U036,0,2026-08-01 18:20:00,7.72,80.0,14.29,0.0,80.0,26.0
U045,U079,0,2026-08-28 23:05:00,5.59,65.0,0.0,0.0,50.0,18.29
U045,U027,0,2026-08-18 05:48:00,8.59,75.0,0.0,0.0,50.0,21.8
U045,U093,0,2026-08-22 22:39:00,70.18,70.0,57.14,0.0,50.0,60.16
U045,U068,0,2026-08-23 07:56:00,4.07,65.0,14.29,0.0,50.0,19.68
U046,U050,1,2026-08-03 20:32:00,7.89,80.0,0.0,0.0,50.0,22.45
U046,U019,1,2026-08-13 21:27:00,11.84,65.0,20.0,0.0,50.0,24.42
U046,U001,1,2026-08-04 21:21:00,10.35,90.0,0.0,0.0,50.0,25.68
U046,U003,1,2026-08-06 20:59:00,4.43,80.0,14.29,0.0,50.0,22.86
U046,U075,0,2026-08-16 18:57:00,5.04,75.0,0.0,0.0,50.0,20.02
U047,U024,0,2026-08-25 21:34:00,20.03,40.0,0.0,0.0,90.0,22.51
U047,U039,0,2026-08-04 06:43:00,4.05,75.0,0.0,0.0,60.0,20.02
U047,U068,0,2026-08-14 03:50:00,10.88,65.0,16.67,0.0,80.0,24.94
U047,U072,0,2026-08-10 06:45:00,8.58,100.0,14.29,0.0,60.0,29.43
U047,U042,0,2026-08-28 12:43:00,14.05,90.0,20.0,0.0,100.0,33.02
U048,U077,0,2026-08-19 01:35:00,4.73,85.0,0.0,0.0,80.0,23.37
U048,U030,1,2026-08-22 20:54:00,11.31,65.0,14.29,0.0,80.0,24.8
U048,U053,1,2026-08-16 12:58:00,10.17,80.0,28.57,0.0,90.0,29.87
U048,U036,1,2026-08-22 12:05:00,7.21,85.0,14.29,0.0,50.0,25.25
U048,U082,0,2026-08-13 22:25:00,2.94,65.0,14.29,0.0,80.0,20.61
U049,U048,0,2026-08-25 10:50:00,1.72,85.0,0.0,0.0,100.0,22.86
U049,U005,0,2026-08-13 03:04:00,5.55,85.0,0.0,0.0,90.0,24.28
U049,U043,0,2026-08-21 12:17:00,9.32,85.0,14.29,0.0,80.0,27.8
U049,U071,1,2026-08-13 23:01:00,12.22,70.0,14.29,0.0,100.0,27.25
U049,U044,0,2026-08-27 23:24:00,7.53,85.0,0.0,0.0,80.0,24.76
U050,U056,1,2026-08-19 21:04:00,9.95,55.0,16.67,0.0,100.0,23.48
U050,U043,1,2026-08-05 20:22:00,17.37,65.0,20.0,0.0,80.0,28.68
U050,U065,0,2026-08-07 01:25:00,10.68,75.0,0.0,0.0,90.0,24.84
U050,U086,0,2026-08-17 23:30:00,9.55,70.0,0.0,0.0,80.0,22.78
U050,U002,0,2026-08-02 17:59:00,11.55,55.0,14.29,0.0,70.0,22.42
U051,U010,0,2026-08-10 17:58:00,24.8,85.0,0.0,0.0,80.0,33.4
U051,U033,0,2026-08-15 22:42:00,23.97,70.0,33.33,0.0,60.0,33.99
U051,U041,0,2026-08-22 21:33:00,24.53,85.0,0.0,0.0,60.0,32.26
U051,U099,0,2026-08-22 13:38:00,6.61,80.0,16.67,0.0,60.0,24.8
U051,U011,0,2026-08-27 02:29:00,6.02,100.0,0.0,0.0,60.0,26.01
U052,U033,1,2026-08-12 05:43:00,5.04,70.0,0.0,0.0,80.0,20.52
U052,U044,0,2026-08-08 00:43:00,20.59,80.0,0.0,0.0,70.0,29.79
U052,U060,0,2026-08-22 22:33:00,4.02,70.0,0.0,0.0,50.0,18.51
U052,U012,0,2026-08-04 06:17:00,3.02,65.0,0.0,100.0,100.0,29.51
U052,U082,0,2026-08-07 18:04:00,5.75,85.0,0.0,0.0,90.0,24.38
U053,U064,0,2026-08-30 20:54:00,6.39,80.0,0.0,0.0,50.0,21.69
U053,U067,0,2026-08-01 01:29:00,9.67,65.0,20.0,0.0,80.0,24.83
U053,U041,0,2026-08-23 20:13:00,21.81,85.0,14.29,0.0,80.0,34.05
U053,U013,0,2026-08-18 23:44:00,7.55,65.0,16.67,0.0,50.0,21.78
U053,U054,0,2026-08-10 23:37:00,10.21,75.0,20.0,0.0,50.0,25.6
U054,U091,0,2026-08-25 09:10:00,8.33,85.0,0.0,0.0,60.0,24.16
U054,U018,0,2026-08-14 04:27:00,5.22,55.0,0.0,0.0,50.0,16.11
U054,U045,1,2026-08-16 10:21:00,6.62,90.0,14.29,0.0,90.0,27.95
U054,U032,0,2026-08-21 21:44:00,41.65,50.0,57.14,0.0,50.0,41.9
U054,U086,0,2026-08-14 08:59:00,10.46,80.0,20.0,0.0,80.0,28.23
U055,U004,1,2026-08-28 06:32:00,13.43,70.0,0.0,0.0,90.0,25.22
U055,U040,0,2026-08-23 08:44:00,2.75,50.0,0.0,0.0,80.0,15.38
U055,U043,1,2026-08-10 16:13:00,9.1,85.0,0.0,0.0,90.0,26.05
U055,U015,0,2026-08-17 12:29:00,1.96,70.0,0.0,0.0,50.0,17.48
U055,U030,0,2026-08-17 00:30:00,5.48,50.0,0.0,0.0,90.0,17.24
U056,U011,0,2026-08-04 03:16:00,15.64,70.0,16.67,0.0,70.0,27.82
U056,U064,0,2026-08-22 12:46:00,5.22,60.0,0.0,0.0,50.0,17.11
U056,U088,1,2026-08-07 21:01:00,15.97,40.0,16.67,0.0,90.0,22.99
U056,U076,0,2026-08-27 07:00:00,9.69,70.0,0.0,0.0,90.0,23.34
U056,U100,0,2026-08-17 02:04:00,5.15,55.0,0.0,0.0,90.0,18.08
U057,U007,0,2026-08-29 01:44:00,7.68,55.0,0.0,0.0,90.0,19.34
U057,U079,0,2026-08-27 15:52:00,4.64,60.0,0.0,0.0,70.0,17.82
U057,U086,0,2026-08-04 12:12:00,2.95,85.0,0.0,0.0,80.0,22.48
U057,U012,0,2026-08-21 02:36:00,3.44,75.0,0.0,0.0,90.0,21.22
U057,U065,1,2026-08-09 07:48:00,2.56,50.0,0.0,0.0,90.0,15.78
U058,U073,0,2026-08-21 00:34:00,17.28,55.0,0.0,0.0,90.0,24.14
U058,U026,0,2026-08-30 22:19:00,1.59,70.0,0.0,0.0,70.0,18.3
U058,U085,0,2026-08-28 09:40:00,2.81,75.0,0.0,0.0,70.0,19.91
U058,U023,0,2026-08-25 21:55:00,7.91,85.0,28.57,0.0,90.0,29.74
U058,U087,1,2026-08-02 10:16:00,5.08,55.0,16.67,0.0,90.0,20.54
U059,U081,0,2026-08-06 08:01:00,7.9,85.0,0.0,0.0,50.0,23.45
U059,U040,1,2026-08-10 04:16:00,4.88,70.0,14.29,0.0,50.0,21.08
U059,U080,0,2026-08-21 08:23:00,9.04,75.0,0.0,0.0,80.0,23.52
U059,U045,0,2026-08-02 00:09:00,33.79,70.0,42.86,0.0,70.0,40.83
U059,U020,0,2026-08-31 09:01:00,8.3,85.0,14.29,0.0,70.0,26.79
U060,U072,0,2026-08-18 10:26:00,12.59,55.0,0.0,0.0,70.0,20.8
U060,U091,0,2026-08-03 12:38:00,3.86,50.0,0.0,0.0,50.0,14.43
U060,U071,0,2026-08-02 23:14:00,4.91,75.0,16.67,0.0,50.0,22.45
U060,U067,0,2026-08-17 09:58:00,7.59,75.0,0.0,0.0,60.0,21.8
U060,U059,0,2026-08-19 22:38:00,5.15,85.0,0.0,0.0,70.0,23.08
U061,U002,0,2026-08-10 18:49:00,9.58,90.0,0.0,0.0,70.0,26.29
U061,U053,0,2026-08-22 00:24:00,32.32,80.0,50.0,0.0,90.0,44.16
U061,U094,0,2026-08-17 11:13:00,28.24,85.0,33.33,0.0,90.0,40.62
U061,U047,0,2026-08-26 14:06:00,6.71,65.0,0.0,0.0,80.0,20.36
U061,U099,0,2026-08-19 11:57:00,7.27,70.0,0.0,0.0,70.0,21.13
U062,U016,0,2026-08-25 22:47:00,6.23,75.0,0.0,0.0,70.0,21.61
U062,U023,1,2026-08-06 21:20:00,29.87,90.0,14.29,0.0,100.0,40.08
U062,U097,0,2026-08-01 13:39:00,6.54,100.0,0.0,0.0,80.0,27.27
U062,U069,0,2026-08-19 18:47:00,9.28,100.0,14.29,0.0,70.0,30.28
U062,U065,0,2026-08-07 19:29:00,7.09,55.0,0.0,0.0,90.0,19.05
U063,U036,0,2026-08-12 05:31:00,7.83,100.0,16.67,0.0,80.0,30.42
U063,U050,0,2026-08-11 07:18:00,22.17,80.0,16.67,0.0,50.0,32.09
U063,U043,0,2026-08-08 00:28:00,7.97,85.0,16.67,0.0,50.0,25.98
U063,U098,1,2026-08-29 19:37:00,20.91,80.0,16.67,0.0,50.0,31.45
U063,U071,0,2026-08-10 05:44:00,19.01,70.0,16.67,0.0,50.0,28.51
U064,U027,0,2026-08-28 11:23:00,4.78,70.0,0.0,0.0,50.0,18.89
U064,U069,0,2026-08-12 17:19:00,11.22,85.0,0.0,0.0,50.0,25.11
U064,U048,0,2026-08-25 13:20:00,7.26,100.0,14.29,0.0,50.0,28.27
U064,U070,0,2026-08-14 21:18:00,7.35,55.0,0.0,0.0,50.0,17.17
U064,U037,0,2026-08-26 14:21:00,3.67,50.0,0.0,0.0,50.0,14.34
U065,U100,1,2026-08-19 13:06:00,69.03,75.0,14.29,0.0,80.0,55.66
U065,U037,0,2026-08-04 03:36:00,3.88,60.0,0.0,0.0,60.0,16.94
U065,U098,0,2026-08-25 17:13:00,5.88,75.0,0.0,0.0,60.0,20.94
U065,U007,0,2026-08-14 20:28:00,3.6,75.0,0.0,0.0,100.0,21.8
U065,U027,1,2026-08-07 09:49:00,66.28,100.0,42.86,0.0,70.0,63.07
U066,U018,1,2026-08-30 10:32:00,7.79,65.0,0.0,0.0,60.0,19.89
U066,U090,1,2026-08-23 11:16:00,3.56,65.0,14.29,100.0,90.0,31.42
U066,U086,0,2026-08-04 16:23:00,43.62,70.0,14.29,0.0,100.0,42.95
U066,U008,0,2026-08-21 07:29:00,3.81,75.0,14.29,0.0,50.0,21.55
U066,U032,0,2026-08-06 19:03:00,7.62,40.0,0.0,100.0,50.0,24.31
U067,U019,1,2026-08-13 20:31:00,50.83,65.0,40.0,0.0,60.0,47.41
U067,U007,0,2026-08-21 07:18:00,12.22,80.0,0.0,0.0,100.0,27.11
U067,U081,0,2026-08-23 02:53:00,6.72,75.0,0.0,0.0,60.0,21.36
U067,U064,0,2026-08-14 01:05:00,6.68,85.0,0.0,0.0,50.0,22.84
U067,U026,1,2026-08-28 20:21:00,6.16,75.0,0.0,0.0,90.0,22.58
U068,U073,1,2026-08-24 03:58:00,5.07,65.0,0.0,100.0,80.0,29.53
U068,U049,0,2026-08-31 20:46:00,6.55,85.0,14.29,0.0,100.0,27.42
U068,U022,0,2026-08-26 21:46:00,8.56,55.0,0.0,0.0,100.0,20.28
U068,U098,0,2026-08-03 09:36:00,8.7,65.0,16.67,0.0,70.0,23.35
U068,U093,0,2026-08-08 03:37:00,8.45,65.0,16.67,0.0,70.0,23.22
U069,U016,1,2026-08-04 14:51:00,5.94,75.0,14.29,100.0,100.0,35.11
U069,U072,0,2026-08-25 00:32:00,9.75,80.0,14.29,0.0,50.0,25.52
U069,U078,0,2026-08-10 16:20:00,4.77,85.0,28.57,0.0,90.0,28.17
U069,U025,0,2026-08-15 18:36:00,7.86,55.0,14.29,0.0,100.0,22.07
U069,U055,0,2026-08-04 15:39:00,6.28,70.0,0.0,0.0,80.0,21.14
U070,U002,0,2026-08-15 04:59:00,5.16,65.0,0.0,0.0,60.0,18.58
U070,U093,0,2026-08-03 18:20:00,44.76,60.0,28.57,0.0,60.0,41.67
U070,U077,1,2026-08-01 02:21:00,19.19,70.0,14.29,0.0,70.0,29.24
U070,U071,0,2026-08-10 08:13:00,33.27,40.0,42.86,0.0,90.0,35.56
U070,U090,0,2026-08-21 16:15:00,4.12,55.0,14.29,0.0,100.0,20.2
U071,U065,0,2026-08-02 10:30:00,4.46,55.0,0.0,0.0,90.0,17.73
U071,U093,1,2026-08-11 20:09:00,43.66,80.0,66.67,0.0,70.0,51.33
U071,U061,0,2026-08-13 04:33:00,27.21,85.0,50.0,0.0,100.0,43.1
U071,U041,1,2026-08-14 06:31:00,21.18,50.0,14.29,0.0,70.0,26.24
U071,U009,0,2026-08-06 15:31:00,44.63,70.0,33.33,0.0,80.0,45.32
U072,U016,0,2026-08-01 04:48:00,7.0,55.0,0.0,0.0,50.0,17.0
U072,U033,0,2026-08-29 04:06:00,20.86,55.0,14.29,0.0,50.0,26.07
U072,U051,1,2026-08-26 03:20:00,73.49,85.0,57.14,0.0,90.0,66.82
U072,U062,0,2026-08-16 18:36:00,12.81,80.0,14.29,0.0,80.0,28.55
U072,U044,0,2026-08-20 13:08:00,5.86,65.0,14.29,0.0,100.0,23.07
U073,U032,0,2026-08-22 22:16:00,5.08,40.0,0.0,100.0,90.0,25.04
U073,U054,0,2026-08-02 14:44:00,5.01,90.0,0.0,0.0,50.0,23.01
U073,U048,0,2026-08-07 10:52:00,44.59,65.0,28.57,0.0,80.0,43.58
U073,U095,1,2026-08-19 09:55:00,13.75,80.0,0.0,100.0,100.0,37.88
U073,U013,1,2026-08-26 11:43:00,66.69,80.0,16.67,0.0,50.0,54.34
U074,U037,1,2026-08-14 02:16:00,6.22,80.0,0.0,0.0,70.0,22.61
U074,U027,0,2026-08-27 08:09:00,7.58,40.0,0.0,0.0,80.0,15.79
U074,U026,0,2026-08-01 09:07:00,1.79,60.0,0.0,0.0,80.0,16.9
U074,U070,0,2026-08-10 05:35:00,4.34,55.0,14.29,0.0,90.0,19.81
U074,U038,1,2026-08-10 20:23:00,2.65,85.0,0.0,0.0,80.0,22.33
U075,U045,0,2026-08-17 11:46:00,5.25,55.0,0.0,0.0,50.0,16.12
U075,U053,1,2026-08-14 10:09:00,17.54,40.0,0.0,0.0,100.0,21.77
U075,U100,0,2026-08-29 15:18:00,4.22,55.0,0.0,0.0,100.0,18.11
U075,U061,0,2026-08-26 08:51:00,6.79,60.0,0.0,0.0,90.0,19.89
U075,U067,0,2026-08-15 08:06:00,4.01,75.0,0.0,0.0,80.0,21.0
U076,U049,0,2026-08-28 13:42:00,3.74,65.0,0.0,0.0,90.0,19.37
U076,U091,0,2026-08-02 05:55:00,52.91,60.0,28.57,0.0,90.0,47.24
U076,U073,1,2026-08-25 20:05:00,2.07,85.0,0.0,0.0,70.0,21.53
U076,U046,0,2026-08-20 05:43:00,7.27,65.0,0.0,0.0,50.0,19.14
U076,U099,0,2026-08-18 08:46:00,4.54,80.0,0.0,0.0,60.0,21.27
U077,U016,0,2026-08-24 07:53:00,3.38,75.0,0.0,0.0,90.0,21.19
U077,U083,1,2026-08-29 02:09:00,88.5,65.0,33.33,0.0,50.0,64.75
U077,U062,1,2026-08-02 14:41:00,7.09,100.0,16.67,0.0,80.0,30.04
U077,U064,1,2026-08-26 21:12:00,3.89,85.0,0.0,0.0,50.0,21.44
U077,U060,0,2026-08-29 13:33:00,2.96,75.0,0.0,0.0,50.0,18.98
U078,U050,0,2026-08-25 07:20:00,4.95,65.0,0.0,0.0,80.0,19.47
U078,U033,0,2026-08-31 23:03:00,9.12,90.0,0.0,0.0,90.0,27.06
U078,U041,1,2026-08-14 04:39:00,14.45,65.0,14.29,0.0,90.0,26.87
U078,U058,0,2026-08-01 15:29:00,3.55,90.0,20.0,0.0,90.0,27.27
U078,U075,0,2026-08-12 10:13:00,7.19,90.0,0.0,100.0,90.0,36.1
U079,U040,0,2026-08-17 05:10:00,10.62,65.0,0.0,0.0,100.0,23.31
U079,U076,0,2026-08-23 00:41:00,2.82,50.0,0.0,0.0,60.0,14.41
U079,U061,0,2026-08-17 23:17:00,7.98,100.0,0.0,0.0,70.0,27.49
U079,U022,0,2026-08-20 09:26:00,4.48,55.0,0.0,0.0,70.0,16.74
U079,U028,0,2026-08-27 12:11:00,3.17,70.0,0.0,0.0,80.0,19.58
U080,U007,1,2026-08-31 01:34:00,10.27,65.0,0.0,0.0,70.0,21.63
U080,U069,0,2026-08-04 00:01:00,6.71,85.0,14.29,0.0,50.0,25.0
U080,U038,0,2026-08-09 07:41:00,2.88,85.0,0.0,0.0,50.0,20.94
U080,U050,1,2026-08-02 21:31:00,3.95,65.0,16.67,100.0,60.0,30.48
U080,U087,0,2026-08-21 19:07:00,3.39,65.0,0.0,0.0,50.0,17.2
U081,U088,1,2026-08-20 01:11:00,7.27,40.0,0.0,0.0,80.0,15.64
U081,U058,0,2026-08-31 21:19:00,6.53,100.0,0.0,0.0,80.0,27.26
U081,U056,0,2026-08-06 04:06:00,9.1,100.0,0.0,0.0,70.0,28.05
U081,U092,0,2026-08-19 12:22:00,9.13,70.0,0.0,0.0,90.0,23.07
U081,U030,0,2026-08-15 22:09:00,10.29,55.0,16.67,0.0,90.0,23.14
U082,U065,0,2026-08-04 21:24:00,2.23,75.0,0.0,0.0,70.0,19.61
U082,U032,0,2026-08-17 23:20:00,3.95,40.0,14.29,0.0,90.0,16.62
U082,U029,0,2026-08-10 17:20:00,2.26,40.0,0.0,0.0,90.0,13.63
U082,U049,0,2026-08-08 13:03:00,4.08,80.0,0.0,0.0,80.0,22.04
U082,U073,0,2026-08-19 01:02:00,2.33,100.0,0.0,0.0,100.0,26.17
U083,U100,1,2026-08-21 15:51:00,3.34,85.0,0.0,0.0,50.0,21.17
U083,U080,0,2026-08-18 17:39:00,4.06,50.0,0.0,100.0,80.0,26.03
U083,U020,0,2026-08-31 23:10:00,11.31,70.0,14.29,0.0,50.0,24.3
U083,U088,0,2026-08-09 16:19:00,3.53,70.0,0.0,0.0,50.0,18.27
U083,U024,0,2026-08-27 08:12:00,7.73,55.0,0.0,0.0,50.0,17.37
U084,U028,0,2026-08-21 22:18:00,3.93,70.0,0.0,0.0,90.0,20.47
U084,U099,0,2026-08-10 16:38:00,5.25,70.0,0.0,0.0,90.0,21.13
U084,U032,1,2026-08-27 19:05:00,15.16,75.0,0.0,0.0,90.0,27.08
U084,U096,1,2026-08-10 07:03:00,9.75,65.0,0.0,0.0,100.0,22.88
U084,U025,1,2026-08-24 10:27:00,14.91,40.0,16.67,0.0,90.0,22.45
U085,U013,0,2026-08-17 06:46:00,17.66,100.0,0.0,0.0,50.0,31.33
U085,U022,0,2026-08-12 15:35:00,2.6,40.0,0.0,0.0,80.0,13.3
U085,U044,0,2026-08-14 11:39:00,7.31,85.0,14.29,0.0,100.0,27.8
U085,U076,0,2026-08-18 09:07:00,10.75,65.0,0.0,0.0,90.0,22.88
U085,U062,0,2026-08-28 11:25:00,11.41,100.0,0.0,100.0,80.0,39.71
U086,U053,1,2026-08-26 03:03:00,43.5,55.0,40.0,0.0,70.0,42.25
U086,U072,0,2026-08-19 23:14:00,14.43,70.0,14.29,0.0,100.0,28.36
U086,U090,0,2026-08-16 19:19:00,6.48,75.0,20.0,0.0,90.0,25.74
U086,U092,0,2026-08-24 19:50:00,5.76,55.0,14.29,0.0,60.0,19.02
U086,U073,0,2026-08-16 18:59:00,5.43,70.0,0.0,0.0,60.0,19.71
U087,U031,0,2026-08-16 17:02:00,5.08,100.0,16.67,0.0,90.0,29.54
U087,U056,0,2026-08-28 13:28:00,27.77,55.0,33.33,0.0,80.0,33.89
U087,U067,1,2026-08-05 05:30:00,5.53,80.0,16.67,0.0,70.0,24.77
U087,U059,0,2026-08-17 07:50:00,6.75,70.0,14.29,0.0,60.0,22.52
U087,U091,0,2026-08-25 15:52:00,5.04,75.0,0.0,0.0,80.0,21.52
U088,U022,1,2026-08-20 10:49:00,6.14,75.0,0.0,0.0,90.0,22.57
U088,U008,0,2026-08-20 03:47:00,2.09,60.0,0.0,0.0,50.0,15.54
U088,U086,1,2026-08-15 11:00:00,4.06,55.0,0.0,0.0,70.0,16.53
U088,U038,0,2026-08-01 09:56:00,6.84,65.0,0.0,0.0,90.0,20.92
U088,U056,0,2026-08-21 23:14:00,15.97,40.0,16.67,0.0,90.0,22.99
U089,U030,0,2026-08-18 00:56:00,21.27,65.0,14.29,0.0,90.0,30.28
U089,U022,0,2026-08-26 21:36:00,3.84,55.0,0.0,0.0,90.0,17.42
U089,U099,1,2026-08-24 08:22:00,69.09,100.0,57.14,100.0,80.0,77.12
U089,U023,1,2026-08-26 05:01:00,19.87,75.0,14.29,0.0,90.0,31.58
U089,U074,1,2026-08-21 12:27:00,14.68,100.0,0.0,0.0,90.0,31.84
U090,U023,1,2026-08-13 00:50:00,7.77,75.0,14.29,100.0,90.0,35.53
U090,U072,0,2026-08-07 20:24:00,11.49,65.0,14.29,0.0,90.0,25.39
U090,U062,0,2026-08-04 02:27:00,4.45,85.0,16.67,0.0,90.0,26.22
U090,U041,0,2026-08-25 15:13:00,6.9,65.0,0.0,0.0,60.0,19.45
U090,U092,0,2026-08-13 14:23:00,6.37,50.0,14.29,0.0,70.0,18.83
U091,U080,0,2026-08-11 22:14:00,5.78,70.0,0.0,0.0,60.0,19.89
U091,U010,1,2026-08-10 13:43:00,3.37,75.0,0.0,0.0,90.0,21.19
U091,U077,1,2026-08-13 22:22:00,2.27,55.0,0.0,0.0,80.0,16.13
U091,U030,0,2026-08-03 13:48:00,2.73,75.0,0.0,0.0,80.0,20.36
U091,U046,0,2026-08-15 15:26:00,8.17,55.0,0.0,0.0,50.0,17.58
U092,U063,0,2026-08-26 00:20:00,35.87,65.0,42.86,0.0,50.0,39.86
U092,U031,0,2026-08-13 00:03:00,35.67,85.0,42.86,0.0,90.0,45.76
U092,U012,0,2026-08-17 06:55:00,81.15,65.0,28.57,0.0,90.0,62.36
U092,U035,1,2026-08-01 15:40:00,6.34,55.0,14.29,0.0,100.0,21.31
U092,U013,1,2026-08-10 07:06:00,4.21,65.0,14.29,0.0,50.0,19.75
U093,U073,0,2026-08-16 06:21:00,4.43,70.0,0.0,0.0,90.0,20.71
U093,U081,0,2026-08-09 10:08:00,4.82,55.0,0.0,100.0,100.0,28.41
U093,U084,0,2026-08-24 08:50:00,6.63,65.0,0.0,0.0,90.0,20.81
U093,U011,0,2026-08-22 03:38:00,5.55,85.0,0.0,0.0,100.0,24.77
U093,U077,0,2026-08-14 11:01:00,38.2,50.0,33.33,0.0,90.0,38.6
U094,U075,0,2026-08-11 03:07:00,4.82,75.0,0.0,0.0,100.0,22.41
U094,U051,0,2026-08-30 01:05:00,3.98,65.0,0.0,0.0,80.0,18.99
U094,U006,0,2026-08-14 00:21:00,5.67,80.0,0.0,0.0,50.0,21.34
U094,U034,1,2026-08-31 17:01:00,6.32,80.0,16.67,0.0,80.0,25.66
U094,U067,0,2026-08-14 12:58:00,5.18,100.0,0.0,0.0,80.0,26.59
U095,U057,0,2026-08-27 14:51:00,13.49,75.0,16.67,0.0,80.0,28.24
U095,U031,0,2026-08-02 18:11:00,35.58,80.0,0.0,0.0,90.0,38.29
U095,U023,0,2026-08-22 02:24:00,48.87,90.0,42.86,100.0,80.0,62.86
U095,U096,1,2026-08-31 18:32:00,12.13,80.0,0.0,0.0,100.0,27.07
U095,U016,0,2026-08-09 13:50:00,5.71,75.0,16.67,0.0,90.0,24.85
U096,U069,0,2026-08-16 01:12:00,12.97,80.0,14.29,0.0,90.0,29.13
U096,U053,0,2026-08-18 11:56:00,10.43,85.0,0.0,0.0,90.0,26.71
U096,U013,0,2026-08-02 21:50:00,11.62,80.0,0.0,0.0,50.0,24.31
U096,U019,0,2026-08-16 13:40:00,1.44,85.0,0.0,0.0,90.0,22.22
U096,U072,0,2026-08-13 10:42:00,32.13,100.0,14.29,0.0,60.0,41.21
U097,U011,0,2026-08-04 01:28:00,7.14,65.0,33.33,0.0,90.0,26.07
U097,U075,0,2026-08-10 01:40:00,5.2,75.0,16.67,0.0,90.0,24.6
U097,U086,0,2026-08-23 14:15:00,7.87,90.0,16.67,0.0,60.0,27.43
U097,U071,1,2026-08-03 02:41:00,4.91,70.0,16.67,0.0,80.0,22.96
U097,U019,0,2026-08-22 02:32:00,3.06,65.0,0.0,0.0,90.0,19.03
U098,U011,0,2026-08-09 20:48:00,5.61,85.0,0.0,0.0,100.0,24.81
U098,U003,0,2026-08-13 20:22:00,2.95,100.0,14.29,100.0,70.0,37.12
U098,U007,0,2026-08-30 04:28:00,29.73,100.0,60.0,0.0,60.0,46.86
U098,U079,0,2026-08-27 08:08:00,9.92,65.0,0.0,0.0,100.0,22.96
U098,U002,0,2026-08-10 13:58:00,7.8,55.0,0.0,0.0,100.0,19.9
U099,U027,0,2026-08-30 12:09:00,9.34,40.0,0.0,0.0,90.0,17.17
U099,U062,0,2026-08-02 01:24:00,10.5,85.0,16.67,0.0,70.0,28.25
U099,U036,0,2026-08-22 22:40:00,6.04,85.0,0.0,0.0,50.0,22.52
U099,U061,0,2026-08-20 12:55:00,7.27,70.0,0.0,0.0,70.0,21.13
U099,U071,0,2026-08-27 18:49:00,8.73,85.0,16.67,0.0,70.0,27.37
U100,U007,1,2026-08-16 06:19:00,6.02,100.0,0.0,0.0,80.0,27.01
U100,U035,0,2026-08-04 01:48:00,4.49,40.0,0.0,100.0,90.0,24.75
U100,U062,0,2026-08-01 22:43:00,2.46,80.0,0.0,0.0,90.0,21.73
U100,U099,0,2026-08-12 00:05:00,12.57,65.0,0.0,0.0,80.0,23.28
U100,U028,1,2026-08-11 10:53:00,2.95,75.0,0.0,0.0,100.0,21.47
