User_ID,Name,Age,Gender,City,State,Profession,Experience_Years,Education,Current_Job_Title,Preferred_Work_Mode,Preferred_Team_Size,Preferred_Learning_Style,Languages_Known,Certification,Availability,Industry,Skills,Career_Goal,MBTI,Professional_Summary,About_Me,Interests,Work_Style,Personality_Traits,Personal_Values,Years_of_Programming,Favorite_Tech_Stack,Open_to_Relocation,Portfolio_GitHub,Current_Career_Level,Preferred_Role,Expected_Salary_Range,Preferred_Industry,Remote_Work_Experience
U001,Nikhil Pandey,32,Male,Lucknow,Uttar Pradesh,Backend Developer,9,B.Tech Information Technology,Backend Developer,On-site,Medium (6-10 members),Hands-on Projects,"English, Hindi",Google Professional Certificate,Immediately Available,Software Development,"Django, Linux, MongoDB, SQL, Git, Java",Become Backend Architect,INTP,"Technology professional specializing in backend software engineering, scalable microservices, and cloud-native application development.","I enjoy optimizing database performance, improving API efficiency, and building secure server-side applications for real-world use.","Volunteering, Music, Open Source, Nature Walks, Public Speaking",proactive,"confident, curious, analytical, focused","Respect, Creativity, Continuous Learning, Innovation",13,"Python, Django, PostgreSQL",Yes,https://github.com/nikhilpandey907,Mid Level,Backend Developer,12-20 LPA,Software Development,2+ Years
U002,Megha Singh,21,Male,Indore,Madhya Pradesh,Backend Developer,0,Master of Computer Applications,Backend Developer,On-site,Small (2-5 members),Workshops,"English, Hindi, Telugu",Udemy Professional Course,Immediately Available,Software Development,"Microservices, Flask, Docker, Node.js, Java, SQL, REST APIs",Become Backend Architect,INFP,"Technology professional specializing in backend software engineering, scalable microservices, and cloud-native application development.","Problem-solving motivates me to develop efficient APIs and backend architectures. Outside work, I enjoy learning cloud technologies and system design.","Chess, Blogging, Photography, Badminton",structured,"analytical, supportive, practical","Innovation, Adaptability, Empathy, Respect",3,"Node.js, MongoDB, Express",Depends on Opportunity,https://github.com/meghasingh474,Student,Backend Developer,3-5 LPA,Software Development,No Experience
U003,Rohit Iyer,34,Male,Mumbai,Maharashtra,Database Administrator,3,M.Tech Data Science,Database Administrator,On-site,Small (2-5 members),Workshops,"English, Kannada",Google Professional Certificate,Immediately Available,Database Management,"Backup and Recovery, PostgreSQL, Python, Replication, Database Security, Data Modeling, Performance Tuning",Improve database performance,ENTJ,"Database Administrator experienced in managing enterprise databases, optimizing performance, and ensuring high availability of business-critical systems.",Problem-solving and attention to detail motivate me to optimize database performance and ensure data integrity.,"Photography, Cycling, Music",proactive,"optimistic, supportive, patient","Innovation, Empathy, Teamwork, Accountability",3,"PostgreSQL, Python, SQL",Yes,https://github.com/rohitiyer550,Entry Level,Database Administrator,5-10 LPA,Database Management,1-2 Years
U004,Ishita Rao,22,Female,Mumbai,Maharashtra,Data Scientist,1,B.Tech Information Technology,Data Scientist,On-site,Medium (6-10 members),Video Courses,"English, Hindi, Tamil",Google Data Analytics,Available within 15 days,Information Technology,"Power BI, Machine Learning, Scikit-learn, NumPy, Tableau",Build predictive analytics solutions,INTJ,"Data Scientist experienced in extracting insights from structured and unstructured data using Python, SQL, and machine learning techniques.","I value logical thinking, continuous improvement, and collaborative teamwork. Outside work, I enjoy reading technology blogs and participating in data science competitions.","Public Speaking, Nature Walks, Travel",collaborative,"confident, curious, analytical, innovative, supportive","Accountability, Empathy",1,"Python, Pandas, NumPy",Yes,https://github.com/ishitarao204,Intern,Data Scientist,4-6 LPA,Information Technology,Less than 1 Year
U005,Ishita Gupta,27,Female,Visakhapatnam,Andhra Pradesh,Cybersecurity Analyst,2,Bachelor of Computer Applications,Cybersecurity Analyst,On-site,Small (2-5 members),Mentorship,"English, Hindi, Telugu",CompTIA Security+,Immediately Available,Cybersecurity,"Python, Cryptography, Network Security, Vulnerability Analysis, Wireshark",Lead cybersecurity teams,INFJ,"Information Security professional specializing in vulnerability assessment, incident response, and cyber defense strategies using modern security tools.",Cybersecurity motivates me because technology should always be secure and reliable. I enjoy researching new attack techniques and defensive strategies.,"Cooking, Photography, Movies, Music, Yoga",independent,"analytical, patient, innovative, curious, optimistic","Adaptability, Integrity",4,"Linux, Wireshark, Python",Depends on Opportunity,https://github.com/ishitagupta895,Entry Level,Cybersecurity Analyst,5-10 LPA,Cybersecurity,Less than 1 Year
U006,Neha Reddy,31,Female,Chennai,Tamil Nadu,Full Stack Developer,7,M.Tech Artificial Intelligence,Full Stack Developer,On-site,Large (10+ members),Hands-on Projects,"English, Telugu",Microsoft Certified,Available within 30 days,Software Development,"REST APIs, MongoDB, HTML, Django, Node.js, Docker, CSS",Lead software development teams,ENTJ,"Software Engineer specializing in full stack application development with expertise in React, Django, Node.js, and SQL databases. Experienced in developing end-to-end web solutions.",I believe understanding the entire software development lifecycle helps build better applications. I enjoy working with cross-functional teams and solving technical challenges.,"Music, Blogging, Hackathons, Chess",detail-oriented,"confident, optimistic, curious, focused","Respect, Continuous Learning, Innovation, Empathy",6,"React, Node.js, MongoDB",Yes,https://github.com/nehareddy439,Mid Level,Full Stack Developer,12-20 LPA,Software Development,2+ Years
U007,Sai Verma,29,Female,Chennai,Tamil Nadu,Machine Learning Engineer,4,M.Tech Artificial Intelligence,Machine Learning Engineer,Hybrid,Small (2-5 members),Hands-on Projects,"English, Hindi, Telugu",AWS Machine Learning,Available within 30 days,Information Technology,"Pandas, Git, PyTorch, NumPy, Scikit-learn",Develop AI-powered healthcare solutions,ENTJ,Machine Learning Engineer experienced in designing predictive analytics and recommendation systems using Python-based technologies.,"Curious and analytical by nature, I enjoy collaborating with others to develop intelligent software solutions. Outside work, I participate in hackathons and contribute to open-source projects.","Public Speaking, Nature Walks, Volunteering, Reading, Travel",independent,"creative, confident, curious, innovative, practical","Discipline, Innovation, Accountability, Continuous Learning",1,"Python, TensorFlow, Scikit-learn",Depends on Opportunity,https://github.com/saiverma770,Associate,Machine Learning Engineer,8-15 LPA,Information Technology,1-2 Years
U008,Aditya Nair,35,Male,Pune,Maharashtra,QA Engineer,14,M.Tech Artificial Intelligence,QA Engineer,Remote,Small (2-5 members),Mentorship,"English, Hindi, Telugu",Udemy Professional Course,Available within 30 days,Software Testing,"JUnit, Python, API Testing, Automation Testing, Software Quality Assurance",Optimize software testing processes,ESTP,"Testing professional dedicated to identifying software defects, improving testing efficiency, and supporting the delivery of robust software solutions.",Software testing allows me to solve problems systematically while improving user satisfaction. I enjoy learning new automation tools and testing techniques.,"Travel, Open Source, Photography",goal-oriented,"patient, supportive, focused","Teamwork, Adaptability, Integrity",8,"Selenium, Java, TestNG",Yes,https://github.com/adityanair383,Mid Level,QA Engineer,12-20 LPA,Software Testing,2+ Years
U009,Divya Gupta,26,Male,Ahmedabad,Gujarat,AI Research Engineer,1,B.Tech Computer Science,AI Research Engineer,On-site,Medium (6-10 members),Research Papers,"English, Hindi, Telugu",Udemy Professional Course,Available within 30 days,Artificial Intelligence,"PyTorch, Machine Learning, Neural Networks, Natural Language Processing, Research, Computer Vision",Become an AI Scientist,INTJ,"AI Research Engineer passionate about advancing artificial intelligence through innovative research in deep learning, natural language processing, and computer vision. Experienced in Python, TensorFlow, and PyTorch for building intelligent systems.","I am naturally analytical and enjoy understanding how intelligent systems learn from data. Outside research, I like mentoring peers, exploring new technologies, and improving my programming skills.","Gaming, Cricket, Photography, Volunteering, Reading",proactive,"patient, focused, innovative, curious, confident","Adaptability, Creativity, Continuous Learning",10,"Python, TensorFlow, CUDA",Yes,https://github.com/divyagupta418,Intern,AI Research Engineer,4-6 LPA,Artificial Intelligence,Less than 1 Year
U010,Lavanya Nair,25,Female,Kochi,Kerala,Business Analyst,2,B.E Computer Engineering,Business Analyst,Hybrid,Small (2-5 members),Books,"English, Hindi, Telugu",Udemy Professional Course,Available within 15 days,Business Analytics,"Data Analysis, Business Process Modeling, Problem Solving, Requirement Gathering, Power BI, Excel, Tableau",Bridge business and technology,ENTJ,Dedicated Business Analyst experienced in transforming business requirements into practical technology solutions that improve operational efficiency.,I am passionate about connecting business goals with innovative technology solutions while continuously improving my professional knowledge.,"Movies, Drawing, Cooking",independent,"confident, focused, analytical, innovative","Respect, Teamwork",7,"Excel, Tableau, Power BI",Yes,https://github.com/lavanyanair529,Entry Level,Business Analyst,5-10 LPA,Business Analytics,Less than 1 Year
U011,Siddharth Kumar,21,Male,Indore,Madhya Pradesh,QA Engineer,0,B.Tech Computer Science,QA Engineer,Remote,Medium (6-10 members),Video Courses,"English, Tamil",Udemy Professional Course,Immediately Available,Software Testing,"SQL, Git, Automation Testing, Software Quality Assurance, TestNG",Optimize software testing processes,ESTJ,"Quality Assurance Engineer with expertise in functional testing, automation tools, and continuous testing practices. Passionate about improving software performance and reliability.","Outside work, I enjoy exploring automation frameworks, improving testing strategies, and enhancing software quality standards.","Public Speaking, Fitness, Yoga",proactive,"practical, focused, supportive, optimistic, confident","Accountability, Discipline, Empathy, Continuous Learning",2,"JUnit, Selenium, Git",Depends on Opportunity,https://github.com/siddharthkumar35,Student,QA Engineer,3-5 LPA,Software Testing,No Experience
U012,Shreya Mishra,25,Female,Ahmedabad,Gujarat,Data Analyst,2,B.Tech Information Technology,Data Analyst,Remote,Small (2-5 members),Books,"English, Tamil",Microsoft Certified,Immediately Available,Analytics,"Tableau, Data Cleaning, Business Analytics, Statistics, Excel",Specialize in customer analytics,ISFJ,"Data Analyst skilled in SQL, Python, Excel, and Power BI for transforming complex datasets into actionable business insights.","I value accuracy, teamwork, and continuous learning. Outside work, I enjoy reading, chess, and improving my analytical skills.","Nature Walks, Public Speaking, Volunteering, Photography",organized,"innovative, curious, practical, patient","Creativity, Respect",6,"SQL, Power BI, Excel",Yes,https://github.com/shreyamishra470,Entry Level,Data Analyst,5-10 LPA,Analytics,Less than 1 Year
U013,Mounika Das,35,Male,Bengaluru,Karnataka,Cloud Engineer,10,Master of Computer Applications,Cloud Engineer,Hybrid,Small (2-5 members),Workshops,"English, Hindi",Microsoft Azure Fundamentals,Available within 30 days,Cloud Computing,"Cloud Security, Networking, CI/CD, Docker, Python, Microsoft Azure",Lead cloud migration projects,INTJ,"Experienced Cloud Engineer with expertise in virtualization, cloud platforms, containerization, and infrastructure optimization. Passionate about improving system reliability and scalability.",I believe cloud computing is transforming the future of technology. I enjoy learning new cloud services and improving infrastructure automation.,"Volunteering, Fitness, Public Speaking, Cooking, Photography",analytical,"focused, patient, supportive, creative","Accountability, Respect, Adaptability",13,"GCP, Kubernetes, Docker",Yes,https://github.com/mounikadas883,Mid Level,Cloud Engineer,12-20 LPA,Cloud Computing,2+ Years
U014,Vivek Reddy,21,Female,Chennai,Tamil Nadu,Cloud Engineer,0,Bachelor of Computer Applications,Cloud Engineer,Remote,Large (10+ members),Video Courses,English,Google Cloud Associate,Available within 15 days,Cloud Computing,"Cloud Security, AWS, Linux, Docker, Microsoft Azure, Terraform, CI/CD",Design scalable cloud infrastructure,ISTJ,"Information Technology professional specializing in cloud computing, infrastructure automation, and cloud-native application deployment. Experienced in modern DevOps practices.","I enjoy designing cloud infrastructures that improve scalability, reliability, and performance. Continuous learning and innovation motivate my professional growth.","Yoga, Travel, Cooking, Chess, Badminton",structured,"optimistic, innovative, confident","Teamwork, Continuous Learning, Adaptability, Integrity",2,"AWS, Docker, Kubernetes",No,https://github.com/vivekreddy491,Student,Cloud Engineer,3-5 LPA,Cloud Computing,No Experience
U015,Nikitha Naidu,34,Female,Vijayawada,Andhra Pradesh,QA Engineer,13,B.E Computer Engineering,QA Engineer,On-site,Medium (6-10 members),Mentorship,"English, Tamil",Udemy Professional Course,Immediately Available,Software Testing,"Git, Automation Testing, Software Quality Assurance, Manual Testing, JUnit, Java, Python",Lead QA automation teams,INTJ,"QA Engineer experienced in manual and automation testing using Selenium, Python, and Java. Passionate about delivering high-quality software products through effective testing strategies.","Outside work, I enjoy exploring automation frameworks, improving testing strategies, and enhancing software quality standards.","Drawing, Public Speaking, Volunteering, Cricket, Cycling",organized,"optimistic, supportive, patient","Adaptability, Accountability, Creativity",16,"Selenium, Java, TestNG",No,https://github.com/nikithanaidu318,Mid Level,QA Engineer,12-20 LPA,Software Testing,2+ Years
U016,Vivaan Mishra,26,Female,Kolkata,West Bengal,Frontend Developer,0,B.Tech Information Technology,Frontend Developer,On-site,Medium (6-10 members),Books,"English, Kannada",Udemy Professional Course,Available within 30 days,Software Development,"UI Development, React, TypeScript, Bootstrap, Git",Become Frontend Architect,ISTP,"Frontend Engineer skilled in React, TypeScript, and UI development. Experienced in creating accessible, high-performance web applications that enhance user satisfaction.","I am passionate about building fast, responsive, and user-friendly websites that solve real-world problems while providing an enjoyable user experience.","Music, Chess, Blogging",adaptive,"patient, optimistic, focused, practical, confident","Creativity, Accountability, Adaptability, Innovation",9,"React, JavaScript, CSS",Yes,https://github.com/vivaanmishra881,Student,Frontend Developer,3-5 LPA,Software Development,No Experience
U017,Nikitha Yadav,25,Male,Delhi,Delhi,Frontend Developer,1,M.Tech Data Science,Frontend Developer,On-site,Large (10+ members),Research Papers,"English, Telugu",Microsoft Certified,Available within 15 days,Software Development,"React, CSS, User Experience, TypeScript, Figma, REST APIs",Develop interactive web interfaces,ISTP,"Web Developer specializing in frontend technologies, responsive design, and modern JavaScript frameworks. Dedicated to building intuitive and visually appealing user interfaces.",Design and technology inspire me equally. I enjoy transforming ideas into interactive web experiences while learning new frontend frameworks.,"Chess, Reading, Nature Walks",detail-oriented,"curious, practical, optimistic, focused","Empathy, Continuous Learning",8,"Angular, TypeScript, HTML",Depends on Opportunity,https://github.com/nikithayadav287,Intern,Frontend Developer,4-6 LPA,Software Development,Less than 1 Year
U018,Aarav Pandey,28,Male,Visakhapatnam,Andhra Pradesh,Database Administrator,1,B.Tech Computer Science,Database Administrator,Remote,Small (2-5 members),Workshops,"English, Malayalam",Google Professional Certificate,Immediately Available,Database Management,"Linux, Performance Tuning, MySQL, SQL, Database Security, Backup and Recovery",Ensure data security,ISTJ,Database specialist focused on managing large-scale relational database systems while ensuring data integrity and operational efficiency.,"Outside work, I enjoy learning emerging database technologies and exploring cloud-based data management solutions.","Yoga, Blogging, Movies, Open Source",goal-oriented,"optimistic, innovative, practical, supportive","Integrity, Continuous Learning, Teamwork, Creativity",10,"MySQL, Backup, Linux",Depends on Opportunity,https://github.com/aaravpandey301,Intern,Database Administrator,4-6 LPA,Database Management,Less than 1 Year
U019,Nikhil Iyer,22,Male,Ahmedabad,Gujarat,Business Analyst,0,Bachelor of Computer Applications,Business Analyst,Hybrid,Small (2-5 members),Mentorship,"English, Kannada",Coursera Professional Certificate,Available within 30 days,Business Analytics,"Tableau, Power BI, Stakeholder Management, Excel, Python",Improve business processes,ESTJ,"Experienced Business Analyst specializing in process improvement, data analysis, and business intelligence solutions that support strategic decision-making.",I enjoy understanding business challenges and identifying opportunities for improvement through analytical thinking and collaboration.,"Nature Walks, Blogging, Fitness",analytical,"analytical, curious, creative","Adaptability, Respect, Empathy",3,"Excel, Tableau, Power BI",No,https://github.com/nikhiliyer686,Student,Business Analyst,3-5 LPA,Business Analytics,No Experience
U020,Sai Yadav,25,Female,Visakhapatnam,Andhra Pradesh,Software Engineer,2,Bachelor of Computer Applications,Software Engineer,On-site,Large (10+ members),Hands-on Projects,"English, Malayalam",Google Professional Certificate,Immediately Available,Information Technology,"Git, Data Structures, REST APIs, Software Design, SQL, Object-Oriented Programming, Python",Become a Software Architect,ISTP,"Software Engineer skilled in Python, Java, SQL, and modern software development practices. Interested in developing innovative applications that improve user experience and business productivity.","I enjoy writing efficient code, optimizing applications, and mentoring others while working on meaningful software projects.","Public Speaking, Cricket, Cooking, Volunteering, Drawing",independent,"focused, innovative, practical, creative","Continuous Learning, Innovation, Creativity, Teamwork",1,"Java, Spring Boot, MySQL",Yes,https://github.com/saiyadav715,Entry Level,Software Engineer,5-10 LPA,Information Technology,Less than 1 Year
U021,Nikitha Mishra,31,Female,Lucknow,Uttar Pradesh,Data Engineer,10,M.Tech Artificial Intelligence,Data Engineer,Remote,Small (2-5 members),Workshops,"English, Hindi, Telugu",Udemy Professional Course,Available within 30 days,Information Technology,"Docker, Python, AWS, SQL, Data Warehousing, Apache Spark",Improve enterprise data infrastructure,INTP,"Passionate Data Engineer experienced in modern cloud technologies, distributed computing, and data infrastructure optimization for enterprise solutions.","I enjoy designing reliable data systems that support analytics and machine learning applications. I value efficiency, collaboration, and continuous improvement.","Gaming, Cricket, Nature Walks",detail-oriented,"supportive, practical, analytical, curious","Adaptability, Teamwork, Innovation, Empathy",14,"Spark, AWS, Docker",No,https://github.com/nikithamishra305,Mid Level,Data Engineer,12-20 LPA,Information Technology,2+ Years
U022,Harini Sharma,27,Female,Lucknow,Uttar Pradesh,NLP Engineer,3,M.Tech Artificial Intelligence,NLP Engineer,On-site,Small (2-5 members),Books,"English, Kannada",Microsoft Certified,Immediately Available,Artificial Intelligence,"NLTK, Natural Language Processing, PyTorch, Git, spaCy",Research large language models,ESFP,AI enthusiast specializing in Natural Language Processing and deep learning. Experienced in designing language understanding solutions that enhance user interaction and information retrieval.,I believe language is one of the most fascinating challenges in artificial intelligence. I enjoy collaborating with others and experimenting with modern language models.,"Cycling, Movies, Cricket, Reading",analytical,"optimistic, supportive, creative, patient, practical","Creativity, Adaptability, Accountability",8,"Python, NLTK, Hugging Face",Yes,https://github.com/harinisharma575,Entry Level,NLP Engineer,5-10 LPA,Artificial Intelligence,1-2 Years
U023,Nandini Joshi,24,Male,Ahmedabad,Gujarat,Data Engineer,3,M.Tech Data Science,Data Engineer,Hybrid,Small (2-5 members),Books,"English, Telugu",Udemy Professional Course,Immediately Available,Information Technology,"Hadoop, Linux, Apache Airflow, Big Data, Git, Python, Apache Spark",Become a Big Data Architect,INTP,"Data Engineering professional focused on transforming raw data into reliable, scalable, and high-quality datasets for business intelligence and machine learning applications.","Curious and detail-oriented, I enjoy solving complex data engineering challenges and building scalable solutions for large organizations. Outside work, I enjoy learning cloud technologies.","Fitness, Music, Drawing, Cricket, Cycling",structured,"innovative, analytical, focused, practical, supportive","Accountability, Creativity, Empathy, Adaptability",1,"Python, Spark, Hadoop",Depends on Opportunity,https://github.com/nandinijoshi900,Entry Level,Data Engineer,5-10 LPA,Information Technology,1-2 Years
U024,Swathi Patel,22,Male,Mumbai,Maharashtra,Solutions Architect,0,B.Tech Computer Science,Solutions Architect,Hybrid,Small (2-5 members),Research Papers,"English, Hindi, Telugu",Coursera Professional Certificate,Available within 15 days,Information Technology,"Software Architecture, Enterprise Solutions, Microservices, Azure, Cloud Architecture",Become Chief Technology Architect,ISFP,"Solutions Architect experienced in designing scalable enterprise systems using cloud computing, software architecture, and modern engineering practices.","Outside work, I enjoy exploring emerging cloud technologies, system design concepts, and enterprise architecture patterns.","Volunteering, Badminton, Cooking, Nature Walks, Movies",independent,"innovative, patient, supportive, optimistic, analytical","Empathy, Respect",6,"Azure, Java, Microservices",Yes,https://github.com/swathipatel642,Student,Solutions Architect,3-5 LPA,Information Technology,No Experience
U025,Nandini Iyer,21,Female,Jaipur,Rajasthan,Product Manager,0,Master of Computer Applications,Product Manager,Hybrid,Small (2-5 members),Video Courses,"English, Hindi, Tamil",Coursera Professional Certificate,Available within 30 days,Product Management,"Market Research, SQL, Communication, Scrum, Agile, Roadmapping",Become Head of Product,ESTP,Technology-focused Product Manager dedicated to improving customer experience through data-driven product decisions and continuous innovation.,"I believe successful products are created through teamwork, innovation, and continuous customer feedback.","Reading, Open Source, Cricket, Yoga",structured,"curious, supportive, optimistic, innovative, analytical","Creativity, Teamwork, Discipline, Respect",3,"JIRA, SQL, Analytics",No,https://github.com/nandiniiyer692,Student,Product Manager,3-5 LPA,Product Management,No Experience
U026,Vivek Bhat,32,Female,Lucknow,Uttar Pradesh,Frontend Developer,5,B.Tech Information Technology,Frontend Developer,On-site,Medium (6-10 members),Workshops,"English, Malayalam",Microsoft Certified,Available within 15 days,Software Development,"Figma, JavaScript, CSS, HTML, Bootstrap, Responsive Design, React",Build responsive web applications,INFP,"Frontend Developer experienced in designing responsive and interactive web applications using HTML, CSS, JavaScript, and React. Passionate about delivering engaging user experiences.",I believe great software begins with an excellent user experience. I enjoy working closely with designers and backend developers to build complete web solutions.,"Cycling, Travel, Public Speaking, Music",detail-oriented,"innovative, confident, focused","Accountability, Integrity",14,"React, JavaScript, CSS",Yes,https://github.com/vivekbhat783,Associate,Frontend Developer,8-15 LPA,Software Development,1-2 Years
U027,Vivek Ghosh,28,Female,Kolkata,West Bengal,Product Manager,1,B.E Computer Engineering,Product Manager,On-site,Medium (6-10 members),Hands-on Projects,"English, Tamil",Google Professional Certificate,Immediately Available,Product Management,"SQL, Decision Making, Market Research, Leadership, User Research, Product Strategy",Lead product strategy,ENFP,"Results-oriented Product Manager specializing in product lifecycle management, stakeholder communication, and business growth.","Collaboration, creativity, and strategic thinking motivate me to build products that improve people's lives.","Travel, Blogging, Nature Walks",detail-oriented,"supportive, focused, innovative, optimistic","Innovation, Accountability, Continuous Learning, Discipline",11,"Agile, Scrum, Jira",Depends on Opportunity,https://github.com/vivekghosh136,Intern,Product Manager,4-6 LPA,Product Management,Less than 1 Year
U028,Shruti Agarwal,25,Female,Mumbai,Maharashtra,Computer Vision Engineer,2,B.Tech Information Technology,Computer Vision Engineer,Remote,Medium (6-10 members),Hands-on Projects,"English, Kannada",Google Professional Certificate,Immediately Available,Artificial Intelligence,"Git, Deep Learning, PyTorch, YOLO, Object Detection",Build autonomous computer vision applications,ENFP,"Experienced Computer Vision Engineer focused on image analysis, object detection, and visual intelligence using TensorFlow and PyTorch.","Curious and analytical by nature, I enjoy transforming visual data into intelligent solutions while continuously improving my technical and research skills.","Badminton, Gaming, Music",proactive,"practical, patient, confident","Innovation, Integrity, Respect",1,"Python, TensorFlow, OpenCV",No,https://github.com/shrutiagarwal427,Entry Level,Computer Vision Engineer,5-10 LPA,Artificial Intelligence,Less than 1 Year
U029,Harsha Kumar,25,Female,Lucknow,Uttar Pradesh,UI/UX Designer,0,B.Tech Information Technology,UI/UX Designer,On-site,Medium (6-10 members),Workshops,"English, Telugu",Google Professional Certificate,Available within 15 days,Design,"Adobe XD, Communication, Figma, Wireframing, Illustrator",Become UX Architect,ISFP,"UI/UX Designer dedicated to developing accessible, visually appealing, and user-friendly digital products.","I believe excellent design combines functionality, accessibility, and visual appeal to deliver meaningful user experiences.","Movies, Badminton, Travel, Public Speaking",proactive,"practical, curious, optimistic","Integrity, Adaptability, Empathy",3,"Figma, Illustrator, Adobe XD",Yes,https://github.com/harshakumar563,Student,UI/UX Designer,3-5 LPA,Design,No Experience
U030,Pooja Rao,22,Male,Bhubaneswar,Odisha,Data Engineer,1,B.E Computer Engineering,Data Engineer,Hybrid,Large (10+ members),Workshops,"English, Hindi, Tamil",Google Professional Certificate,Available within 30 days,Information Technology,"Big Data, AWS, SQL, Linux, Data Warehousing, ETL",Build modern data platforms,ENTJ,"Passionate Data Engineer experienced in modern cloud technologies, distributed computing, and data infrastructure optimization for enterprise solutions.",I am passionate about building efficient data platforms that enable organizations to make data-driven decisions. Continuous learning and innovation motivate my professional growth.,"Nature Walks, Gaming, Volunteering, Public Speaking, Blogging",adaptive,"supportive, innovative, confident, focused","Creativity, Accountability",4,"Spark, AWS, Docker",Depends on Opportunity,https://github.com/poojarao712,Intern,Data Engineer,4-6 LPA,Information Technology,Less than 1 Year
U031,Ananya Bhat,26,Male,Pune,Maharashtra,Data Scientist,0,B.E Computer Engineering,Data Scientist,On-site,Small (2-5 members),Books,"English, Hindi, Telugu",Python for Data Science,Available within 30 days,Information Technology,"Tableau, SQL, Data Visualization, Power BI, Python",Build predictive analytics solutions,ENTJ,"Data Scientist experienced in extracting insights from structured and unstructured data using Python, SQL, and machine learning techniques.",I am naturally curious and enjoy transforming raw data into valuable knowledge that creates real-world impact.,"Chess, Hackathons, Travel, Movies, Gaming",detail-oriented,"supportive, patient, analytical, creative, optimistic","Continuous Learning, Respect, Teamwork",10,"Python, Tableau, Scikit-learn",Depends on Opportunity,https://github.com/ananyabhat271,Student,Data Scientist,3-5 LPA,Information Technology,No Experience
U032,Megha Ghosh,34,Male,Ahmedabad,Gujarat,Frontend Developer,0,Bachelor of Computer Applications,Frontend Developer,Hybrid,Small (2-5 members),Video Courses,"English, Hindi",Google Professional Certificate,Available within 30 days,Software Development,"Git, Figma, REST APIs, HTML, Bootstrap, User Experience, CSS",Become Frontend Architect,ISFP,"Frontend Engineer skilled in React, TypeScript, and UI development. Experienced in creating accessible, high-performance web applications that enhance user satisfaction.",I believe great software begins with an excellent user experience. I enjoy working closely with designers and backend developers to build complete web solutions.,"Public Speaking, Cycling, Cooking, Hackathons",analytical,"focused, analytical, curious, confident, innovative","Integrity, Continuous Learning, Respect, Teamwork",6,"React, JavaScript, CSS",Depends on Opportunity,https://github.com/meghaghosh795,Student,Frontend Developer,3-5 LPA,Software Development,No Experience
U033,Divya Rao,30,Female,Delhi,Delhi,Cloud Engineer,0,B.Tech Computer Science,Cloud Engineer,Remote,Small (2-5 members),Research Papers,"English, Kannada",AWS Certified Cloud Practitioner,Available within 15 days,Cloud Computing,"Terraform, Kubernetes, Docker, Cloud Security, Microsoft Azure, Google Cloud Platform",Improve cloud security,ISTP,"Technology enthusiast specializing in cloud architecture, automation, and distributed computing. Dedicated to delivering efficient cloud-based solutions.",I believe cloud computing is transforming the future of technology. I enjoy learning new cloud services and improving infrastructure automation.,"Reading, Drawing, Volunteering",detail-oriented,"innovative, confident, patient","Discipline, Creativity, Continuous Learning, Teamwork",4,"Azure, Terraform, Linux",Depends on Opportunity,https://github.com/divyarao507,Student,Cloud Engineer,3-5 LPA,Cloud Computing,No Experience
U034,Shreya Patel,21,Female,Visakhapatnam,Andhra Pradesh,DevOps Engineer,0,B.E Computer Engineering,DevOps Engineer,Remote,Medium (6-10 members),Hands-on Projects,"English, Kannada",Udemy Professional Course,Available within 30 days,Cloud Computing,"Kubernetes, Linux, Shell Scripting, Git, Python, Monitoring",Optimize cloud infrastructure,ENTJ,"DevOps Engineer experienced in infrastructure automation, CI/CD pipeline development, and cloud deployment using Docker, Kubernetes, and AWS.",I believe automation is essential for modern software engineering. I enjoy collaborating with developers and operations teams to deliver reliable applications.,"Open Source, Chess, Cycling",organized,"creative, analytical, confident, optimistic","Teamwork, Creativity, Discipline, Empathy",5,"AWS, Terraform, Linux",Depends on Opportunity,https://github.com/shreyapatel456,Student,DevOps Engineer,3-5 LPA,Cloud Computing,No Experience
U035,Sravani Kumar,22,Male,Kolkata,West Bengal,QA Engineer,1,Bachelor of Computer Applications,QA Engineer,On-site,Medium (6-10 members),Mentorship,"English, Hindi, Telugu",Microsoft Certified,Available within 15 days,Software Testing,"Java, Python, Selenium, Git, Automation Testing",Become Test Architect,ISFP,"Quality Assurance Engineer with expertise in functional testing, automation tools, and continuous testing practices. Passionate about improving software performance and reliability.","Outside work, I enjoy exploring automation frameworks, improving testing strategies, and enhancing software quality standards.","Chess, Cricket, Photography, Hackathons",proactive,"optimistic, supportive, confident","Integrity, Creativity",6,"JUnit, Selenium, Git",Depends on Opportunity,https://github.com/sravanikumar251,Intern,QA Engineer,4-6 LPA,Software Testing,Less than 1 Year
U036,Surya Reddy,34,Male,Visakhapatnam,Andhra Pradesh,Backend Developer,10,M.Tech Artificial Intelligence,Backend Developer,On-site,Small (2-5 members),Hands-on Projects,English,Google Professional Certificate,Available within 15 days,Software Development,"Git, Microservices, Docker, SQL, MongoDB",Develop distributed applications,INTJ,Experienced Backend Developer focused on designing efficient server-side architectures and high-performance web applications for enterprise solutions.,"Continuous learning, teamwork, and software quality drive my professional growth. I enjoy exploring new backend technologies and development practices.","Cooking, Photography, Blogging, Public Speaking, Movies",proactive,"practical, creative, focused, confident, innovative","Accountability, Creativity, Integrity",7,"Python, Django, PostgreSQL",Depends on Opportunity,https://github.com/suryareddy670,Mid Level,Backend Developer,12-20 LPA,Software Development,2+ Years
U037,Tanvi Jain,22,Female,Kochi,Kerala,Solutions Architect,0,Bachelor of Computer Applications,Solutions Architect,On-site,Medium (6-10 members),Video Courses,"English, Telugu",Coursera Professional Certificate,Available within 30 days,Information Technology,"Cloud Architecture, Java, Kubernetes, Microservices, Software Architecture, Docker",Drive digital transformation,ESTJ,"Solutions Architect experienced in designing scalable enterprise systems using cloud computing, software architecture, and modern engineering practices.","I am passionate about helping organizations adopt modern technologies while designing secure, scalable, and future-ready software solutions.","Fitness, Movies, Music, Volunteering",proactive,"curious, focused, optimistic, analytical","Creativity, Empathy",3,"Azure, Java, Microservices",Depends on Opportunity,https://github.com/tanvijain352,Student,Solutions Architect,3-5 LPA,Information Technology,No Experience
U038,Siddharth Mehta,23,Female,Kochi,Kerala,Full Stack Developer,1,Master of Computer Applications,Full Stack Developer,On-site,Large (10+ members),Video Courses,English,Google Professional Certificate,Available within 15 days,Software Development,"Django, JavaScript, MongoDB, REST APIs, Python",Lead software development teams,ISFJ,"Software Engineer specializing in full stack application development with expertise in React, Django, Node.js, and SQL databases. Experienced in developing end-to-end web solutions.",I am motivated by solving real-world problems through software development and continuously improving my technical and problem-solving skills.,"Blogging, Public Speaking, Chess, Badminton, Yoga",proactive,"optimistic, supportive, patient","Adaptability, Empathy, Discipline",2,"React, Node.js, MongoDB",Yes,https://github.com/siddharthmehta150,Intern,Full Stack Developer,4-6 LPA,Software Development,Less than 1 Year
U039,Siri Nair,27,Male,Bhubaneswar,Odisha,UI/UX Designer,5,B.Tech Computer Science,UI/UX Designer,Remote,Medium (6-10 members),Books,"English, Tamil",Udemy Professional Course,Immediately Available,Design,"Photoshop, UX Design, Wireframing, Prototyping, Illustrator, Communication, Interaction Design",Create intuitive user experiences,ENFP,"UI/UX Designer dedicated to developing accessible, visually appealing, and user-friendly digital products.",I enjoy creating intuitive experiences that make technology simple and enjoyable for users.,"Hackathons, Reading, Volunteering, Photography",adaptive,"focused, patient, innovative, curious, creative","Integrity, Creativity",9,"Figma, Adobe XD, Photoshop",No,https://github.com/sirinair806,Associate,UI/UX Designer,8-15 LPA,Design,1-2 Years
U040,Karthik Malhotra,26,Male,Pune,Maharashtra,Data Analyst,0,B.Tech Information Technology,Data Analyst,Remote,Large (10+ members),Mentorship,"English, Hindi, Tamil",Google Professional Certificate,Available within 15 days,Analytics,"Power BI, SQL, Tableau, Pandas, Python",Improve organizational decision making,ENTJ,"Experienced in business analytics, reporting, and dashboard development using modern analytical tools and visualization platforms.",I believe every dataset tells a story and enjoy uncovering patterns that create business value.,"Photography, Blogging, Volunteering",structured,"analytical, practical, supportive, optimistic","Integrity, Discipline, Teamwork, Creativity",2,"Excel, SQL, Power BI",No,https://github.com/karthikmalhotra675,Student,Data Analyst,3-5 LPA,Analytics,No Experience
U041,Harsha Nair,21,Female,Mumbai,Maharashtra,Software Engineer,0,Bachelor of Computer Applications,Software Engineer,Hybrid,Medium (6-10 members),Research Papers,"English, Hindi",Coursera Professional Certificate,Immediately Available,Information Technology,"Algorithms, Object-Oriented Programming, Software Design, Git, C++, Problem Solving, REST APIs",Develop scalable software solutions,ENTJ,Software Engineer experienced in designing and developing scalable applications using modern programming languages and software engineering principles. Passionate about solving complex technical problems through efficient software solutions.,"I enjoy writing efficient code, optimizing applications, and mentoring others while working on meaningful software projects.","Travel, Badminton, Cycling, Fitness, Photography",creative,"focused, creative, supportive, practical, patient","Innovation, Adaptability, Continuous Learning, Creativity",4,"Python, Django, PostgreSQL",Yes,https://github.com/harshanair449,Student,Software Engineer,3-5 LPA,Information Technology,No Experience
U042,Siri Yadav,25,Female,Jaipur,Rajasthan,NLP Engineer,1,Master of Computer Applications,NLP Engineer,On-site,Medium (6-10 members),Research Papers,"English, Telugu",Coursera Professional Certificate,Available within 15 days,Artificial Intelligence,"Python, NLTK, Text Analytics, BERT, Transformers",Become an NLP Architect,ENTP,"Machine Learning Engineer focused on Natural Language Processing, language modeling, and semantic analysis using modern AI frameworks. Interested in improving communication between humans and machines.","I enjoy exploring how computers understand human language and continuously learning the latest NLP techniques. I value innovation, teamwork, and writing efficient machine learning solutions.","Open Source, Cycling, Cooking, Drawing",goal-oriented,"confident, optimistic, analytical, focused","Continuous Learning, Accountability, Innovation",5,"Python, NLTK, Hugging Face",Yes,https://github.com/siriyadav47,Intern,NLP Engineer,4-6 LPA,Artificial Intelligence,Less than 1 Year
U043,Swathi Nair,22,Female,Delhi,Delhi,Software Engineer,1,M.Tech Data Science,Software Engineer,Hybrid,Medium (6-10 members),Mentorship,"English, Hindi",Google Professional Certificate,Available within 30 days,Information Technology,"Algorithms, Debugging, Data Structures, Software Design, SQL",Become a Software Architect,ISTJ,"Experienced Software Engineer with expertise in algorithms, software architecture, and application development. Passionate about creating efficient, scalable, and high-quality software products.",I believe successful software development combines technical excellence with effective teamwork. I enjoy exploring emerging technologies and improving system performance.,"Cooking, Reading, Fitness, Public Speaking, Photography",detail-oriented,"patient, focused, confident","Adaptability, Integrity, Innovation",1,"Java, Docker, Git",No,https://github.com/swathinair338,Intern,Software Engineer,4-6 LPA,Information Technology,Less than 1 Year
U044,Madhuri Yadav,26,Female,Jaipur,Rajasthan,Backend Developer,5,M.Tech Artificial Intelligence,Backend Developer,On-site,Small (2-5 members),Research Papers,"English, Malayalam",Udemy Professional Course,Immediately Available,Software Development,"MongoDB, Java, Git, Node.js, REST APIs, Django",Become Backend Architect,ISTJ,"Backend Developer experienced in building scalable server-side applications and RESTful APIs using Python, Django, and modern database technologies.","I enjoy designing reliable backend systems that power modern web applications. I value scalability, security, and writing maintainable code.","Gaming, Travel, Fitness, Music",goal-oriented,"supportive, analytical, focused","Creativity, Continuous Learning, Respect, Innovation",3,"Python, Django, PostgreSQL",Depends on Opportunity,https://github.com/madhuriyadav981,Associate,Backend Developer,8-15 LPA,Software Development,1-2 Years
U045,Rohit Malhotra,35,Female,Jaipur,Rajasthan,AI Research Engineer,8,Master of Computer Applications,AI Research Engineer,On-site,Small (2-5 members),Workshops,"English, Telugu",Google Professional Certificate,Available within 15 days,Artificial Intelligence,"Git, TensorFlow, Neural Networks, Natural Language Processing, Deep Learning, Python, PyTorch",Publish research in top AI conferences,ENTJ,"AI Research Engineer passionate about advancing artificial intelligence through innovative research in deep learning, natural language processing, and computer vision. Experienced in Python, TensorFlow, and PyTorch for building intelligent systems.","I am naturally analytical and enjoy understanding how intelligent systems learn from data. Outside research, I like mentoring peers, exploring new technologies, and improving my programming skills.","Drawing, Movies, Volunteering, Nature Walks, Music",detail-oriented,"analytical, supportive, confident, focused","Creativity, Innovation, Discipline, Accountability",19,"Python, TensorFlow, CUDA",No,https://github.com/rohitmalhotra736,Mid Level,AI Research Engineer,12-20 LPA,Artificial Intelligence,2+ Years
U046,Varun Rao,35,Male,Visakhapatnam,Andhra Pradesh,Cybersecurity Analyst,14,B.Tech Information Technology,Cybersecurity Analyst,On-site,Large (10+ members),Research Papers,"English, Tamil",Cisco CyberOps,Available within 15 days,Cybersecurity,"Ethical Hacking, Incident Response, Python, Wireshark, Risk Assessment",Become Security Architect,INTJ,"Cybersecurity Analyst skilled in ethical hacking, digital forensics, and threat analysis. Passionate about protecting critical information systems.",I am passionate about building secure digital environments while continuously improving my technical knowledge and analytical thinking.,"Cooking, Badminton, Fitness, Yoga, Cycling",structured,"curious, analytical, practical","Adaptability, Respect, Teamwork, Accountability",10,"Linux, Wireshark, Python",No,https://github.com/varunrao524,Mid Level,Cybersecurity Analyst,12-20 LPA,Cybersecurity,2+ Years
U047,Anusha Rao,31,Male,Delhi,Delhi,DevOps Engineer,1,M.Tech Artificial Intelligence,DevOps Engineer,Hybrid,Medium (6-10 members),Books,"English, Kannada",Coursera Professional Certificate,Available within 30 days,Cloud Computing,"CI/CD, Monitoring, Python, AWS, Shell Scripting",Optimize cloud infrastructure,ENTJ,"Experienced DevOps Engineer focused on automation, monitoring, and continuous integration using modern cloud technologies and scripting tools.","Outside work, I enjoy experimenting with containerization technologies, cloud services, and monitoring platforms that improve system performance.","Cycling, Hackathons, Open Source, Fitness, Badminton",proactive,"analytical, focused, patient, supportive, curious","Empathy, Teamwork, Innovation",12,"Docker, Kubernetes, Jenkins",Yes,https://github.com/anusharao642,Intern,DevOps Engineer,4-6 LPA,Cloud Computing,Less than 1 Year
U048,Karthik Patel,27,Female,Kolkata,West Bengal,DevOps Engineer,3,M.Tech Data Science,DevOps Engineer,Hybrid,Small (2-5 members),Video Courses,"English, Hindi, Telugu",Google Professional Certificate,Immediately Available,Cloud Computing,"Git, Terraform, Jenkins, Linux, Python, Kubernetes, Automation",Optimize cloud infrastructure,INFJ,"DevOps professional skilled in infrastructure management, deployment automation, and cloud operations. Dedicated to improving system reliability and operational efficiency.",I believe automation is essential for modern software engineering. I enjoy collaborating with developers and operations teams to deliver reliable applications.,"Drawing, Chess, Nature Walks, Reading, Travel",adaptive,"optimistic, focused, innovative","Integrity, Accountability, Adaptability",1,"Docker, Kubernetes, Jenkins",No,https://github.com/karthikpatel307,Entry Level,DevOps Engineer,5-10 LPA,Cloud Computing,1-2 Years
U049,Anusha Ghosh,26,Male,Chennai,Tamil Nadu,Data Scientist,3,B.E Computer Engineering,Data Scientist,Remote,Small (2-5 members),Workshops,"English, Hindi, Tamil",IBM Data Science,Immediately Available,Information Technology,"Statistics, SQL, Power BI, Scikit-learn, NumPy, Tableau, Pandas",Become Chief Data Scientist,INTJ,"Data Scientist experienced in extracting insights from structured and unstructured data using Python, SQL, and machine learning techniques.",I enjoy analyzing complex datasets and discovering meaningful insights that help organizations make better decisions.,"Cycling, Drawing, Movies, Public Speaking, Fitness",structured,"creative, focused, confident, analytical, patient","Respect, Creativity, Empathy, Discipline",6,"Python, SQL, Power BI",Depends on Opportunity,https://github.com/anushaghosh209,Entry Level,Data Scientist,5-10 LPA,Information Technology,1-2 Years
U050,Anusha Nair,34,Male,Hyderabad,Telangana,Data Engineer,3,B.Tech Information Technology,Data Engineer,On-site,Large (10+ members),Mentorship,"English, Hindi, Tamil",Microsoft Certified,Available within 30 days,Information Technology,"Data Warehousing, Big Data, SQL, Apache Airflow, ETL",Design scalable data pipelines,ENTJ,"Passionate Data Engineer experienced in modern cloud technologies, distributed computing, and data infrastructure optimization for enterprise solutions.",I am passionate about building efficient data platforms that enable organizations to make data-driven decisions. Continuous learning and innovation motivate my professional growth.,"Travel, Gaming, Reading, Public Speaking, Cycling",adaptive,"innovative, patient, practical","Adaptability, Empathy, Integrity, Creativity",2,"Spark, AWS, Docker",No,https://github.com/anushanair496,Entry Level,Data Engineer,5-10 LPA,Information Technology,1-2 Years
U051,Varun Chowdhury,29,Male,Jaipur,Rajasthan,Solutions Architect,4,B.Tech Information Technology,Solutions Architect,Hybrid,Large (10+ members),Research Papers,"English, Kannada",Coursera Professional Certificate,Available within 15 days,Information Technology,"Software Architecture, Python, Java, Kubernetes, Docker, Cloud Architecture",Become Chief Technology Architect,ESTJ,Solutions Architect passionate about delivering innovative technology solutions that align business objectives with scalable software systems.,I believe successful technology architecture combines technical excellence with business understanding. I enjoy mentoring teams and solving complex engineering problems.,"Drawing, Cycling, Yoga, Hackathons, Cricket",analytical,"practical, confident, innovative","Creativity, Innovation, Respect",10,"Azure, Java, Microservices",Yes,https://github.com/varunchowdhury222,Associate,Solutions Architect,8-15 LPA,Information Technology,1-2 Years
U052,Aditya Nair,32,Male,Ahmedabad,Gujarat,Frontend Developer,2,M.Tech Data Science,Frontend Developer,Remote,Small (2-5 members),Hands-on Projects,"English, Kannada",Microsoft Certified,Immediately Available,Software Development,"TypeScript, UI Development, Bootstrap, Figma, React",Improve user experience,ESTJ,Frontend Developer passionate about combining creativity with technology to build user-friendly web applications that deliver excellent digital experiences.,I believe great software begins with an excellent user experience. I enjoy working closely with designers and backend developers to build complete web solutions.,"Drawing, Travel, Fitness, Reading",proactive,"innovative, supportive, confident","Teamwork, Respect, Creativity, Innovation",4,"Vue.js, JavaScript, Bootstrap",Depends on Opportunity,https://github.com/adityanair988,Entry Level,Frontend Developer,5-10 LPA,Software Development,Less than 1 Year
U053,Sravani Patel,33,Female,Indore,Madhya Pradesh,Machine Learning Engineer,2,B.E Computer Engineering,Machine Learning Engineer,On-site,Large (10+ members),Hands-on Projects,"English, Hindi, Telugu",Google AI,Available within 15 days,Information Technology,"Git, PyTorch, Python, TensorFlow, Natural Language Processing",Develop AI-powered healthcare solutions,ENFJ,"AI professional specializing in machine learning, deep learning, and data-driven solutions. Interested in building intelligent applications with modern ML frameworks.","Curious and analytical by nature, I enjoy collaborating with others to develop intelligent software solutions. Outside work, I participate in hackathons and contribute to open-source projects.","Movies, Public Speaking, Cricket",organized,"focused, creative, supportive","Respect, Innovation, Integrity, Creativity",10,"Python, TensorFlow, Scikit-learn",Yes,https://github.com/sravanipatel939,Entry Level,Machine Learning Engineer,5-10 LPA,Information Technology,Less than 1 Year
U054,Diya Nair,31,Male,Pune,Maharashtra,Full Stack Developer,7,B.E Computer Engineering,Full Stack Developer,Hybrid,Small (2-5 members),Books,"English, Malayalam",Coursera Professional Certificate,Available within 15 days,Software Development,"React, REST APIs, CSS, Git, HTML",Develop complete web applications,ENTP,"Software Engineer specializing in full stack application development with expertise in React, Django, Node.js, and SQL databases. Experienced in developing end-to-end web solutions.",My passion lies in transforming ideas into fully functional web applications. I enjoy exploring new technologies and improving both frontend and backend performance.,"Hackathons, Blogging, Photography, Travel, Public Speaking",analytical,"innovative, confident, optimistic","Continuous Learning, Respect, Creativity, Discipline",6,"React, Node.js, MongoDB",Yes,https://github.com/diyanair591,Mid Level,Full Stack Developer,12-20 LPA,Software Development,2+ Years
U055,Abhishek Mehta,23,Male,Hyderabad,Telangana,AI Research Engineer,2,M.Tech Data Science,AI Research Engineer,Hybrid,Large (10+ members),Mentorship,"English, Hindi, Telugu",Google Professional Certificate,Available within 30 days,Artificial Intelligence,"TensorFlow, Mathematics, Computer Vision, Neural Networks, Research, Natural Language Processing",Become an AI Scientist,ISFJ,"Research-focused AI Engineer specializing in machine learning algorithms, neural networks, and generative AI. Dedicated to developing scalable AI solutions that address real-world challenges through scientific innovation.","My passion lies in developing intelligent systems that solve challenging real-world problems. I enjoy reading research papers, participating in AI competitions, and contributing to open-source projects.","Movies, Gaming, Nature Walks, Fitness, Cooking",creative,"supportive, analytical, patient, focused, optimistic","Continuous Learning, Discipline, Empathy",7,"Python, Hugging Face, PyTorch",Yes,https://github.com/abhishekmehta990,Entry Level,AI Research Engineer,5-10 LPA,Artificial Intelligence,Less than 1 Year
U056,Arjun Yadav,29,Male,Pune,Maharashtra,Software Engineer,3,M.Tech Artificial Intelligence,Software Engineer,Hybrid,Large (10+ members),Hands-on Projects,"English, Hindi",Google Professional Certificate,Available within 15 days,Information Technology,"SQL, Software Design, Python, REST APIs, Problem Solving, Algorithms",Design enterprise applications,ISTP,"Software Engineer skilled in Python, Java, SQL, and modern software development practices. Interested in developing innovative applications that improve user experience and business productivity.","I enjoy solving challenging programming problems and continuously improving my software development skills. I value clean code, teamwork, and lifelong learning.","Cooking, Fitness, Volunteering, Hackathons",adaptive,"innovative, practical, analytical, focused","Discipline, Innovation, Creativity, Integrity",10,"Java, Spring Boot, MySQL",Yes,https://github.com/arjunyadav145,Entry Level,Software Engineer,5-10 LPA,Information Technology,1-2 Years
U057,Aniket Ghosh,29,Female,Vijayawada,Andhra Pradesh,Cloud Engineer,3,B.Tech Information Technology,Cloud Engineer,Hybrid,Small (2-5 members),Mentorship,"English, Telugu",AWS Certified Cloud Practitioner,Available within 30 days,Cloud Computing,"Networking, Docker, AWS, CI/CD, Kubernetes",Improve cloud security,ISTP,"Technology enthusiast specializing in cloud architecture, automation, and distributed computing. Dedicated to delivering efficient cloud-based solutions.","Outside work, I explore emerging cloud platforms, security best practices, and automation tools that improve operational efficiency.","Blogging, Gaming, Music",independent,"curious, supportive, practical, analytical, focused","Accountability, Empathy",4,"Azure, Terraform, Linux",No,https://github.com/aniketghosh412,Entry Level,Cloud Engineer,5-10 LPA,Cloud Computing,1-2 Years
U058,Abhishek Ghosh,33,Female,Visakhapatnam,Andhra Pradesh,Cybersecurity Analyst,2,B.E Computer Engineering,Cybersecurity Analyst,Hybrid,Small (2-5 members),Workshops,"English, Tamil",Cisco CyberOps,Available within 30 days,Cybersecurity,"Python, Incident Response, Wireshark, Linux, Firewalls",Improve organizational security,ISTP,"Information Security professional specializing in vulnerability assessment, incident response, and cyber defense strategies using modern security tools.",I believe proactive security is the key to protecting organizations. I enjoy analyzing vulnerabilities and improving security awareness.,"Photography, Hackathons, Open Source, Movies",creative,"innovative, practical, creative, supportive, patient","Discipline, Empathy",17,"Linux, Wireshark, Python",No,https://github.com/abhishekghosh232,Entry Level,Cybersecurity Analyst,5-10 LPA,Cybersecurity,Less than 1 Year
U059,Akash Mehta,34,Male,Bhubaneswar,Odisha,NLP Engineer,5,B.Tech Computer Science,NLP Engineer,On-site,Large (10+ members),Video Courses,"English, Hindi",Coursera Professional Certificate,Available within 15 days,Artificial Intelligence,"spaCy, PyTorch, Python, TensorFlow, Hugging Face, NLTK, Transformers",Become an NLP Architect,INTP,"Machine Learning Engineer focused on Natural Language Processing, language modeling, and semantic analysis using modern AI frameworks. Interested in improving communication between humans and machines.","Curious by nature, I enjoy working on language technologies that simplify communication and solve real-world problems. Outside work, I participate in AI communities and read research papers.","Gaming, Badminton, Nature Walks",organized,"patient, focused, optimistic, curious","Teamwork, Continuous Learning",3,"Python, NLTK, Hugging Face",No,https://github.com/akashmehta317,Associate,NLP Engineer,8-15 LPA,Artificial Intelligence,1-2 Years
U060,Shreya Naidu,35,Male,Delhi,Delhi,DevOps Engineer,8,B.E Computer Engineering,DevOps Engineer,On-site,Medium (6-10 members),Books,"English, Telugu",Udemy Professional Course,Available within 15 days,Cloud Computing,"Automation, Shell Scripting, Terraform, Git, Monitoring",Lead platform engineering teams,ISTP,"DevOps professional skilled in infrastructure management, deployment automation, and cloud operations. Dedicated to improving system reliability and operational efficiency.","Outside work, I enjoy experimenting with containerization technologies, cloud services, and monitoring platforms that improve system performance.","Volunteering, Photography, Blogging, Fitness",collaborative,"confident, innovative, optimistic, analytical","Creativity, Teamwork",12,"AWS, Terraform, Linux",No,https://github.com/shreyanaidu500,Mid Level,DevOps Engineer,12-20 LPA,Cloud Computing,2+ Years
U061,Sneha Pandey,24,Male,Bhubaneswar,Odisha,NLP Engineer,3,B.Tech Computer Science,NLP Engineer,On-site,Small (2-5 members),Hands-on Projects,"English, Hindi",Google Professional Certificate,Available within 15 days,Artificial Intelligence,"TensorFlow, Git, BERT, Transformers, PyTorch, Machine Learning",Research large language models,INFJ,"Artificial Intelligence professional specializing in Natural Language Processing, text analytics, and conversational AI. Skilled in creating scalable NLP pipelines for real-world applications.","Curious by nature, I enjoy working on language technologies that simplify communication and solve real-world problems. Outside work, I participate in AI communities and read research papers.","Blogging, Music, Fitness, Reading, Gaming",proactive,"focused, curious, supportive, practical","Integrity, Adaptability, Accountability",3,"Python, BERT, PyTorch",Depends on Opportunity,https://github.com/snehapandey863,Entry Level,NLP Engineer,5-10 LPA,Artificial Intelligence,1-2 Years
U062,Aarav Sharma,32,Female,Vijayawada,Andhra Pradesh,Data Scientist,3,B.E Computer Engineering,Data Scientist,Hybrid,Medium (6-10 members),Books,"English, Telugu",Microsoft Azure AI,Available within 15 days,Information Technology,"Data Visualization, Statistics, Python, Scikit-learn, Machine Learning, NumPy",Lead a Data Science team,INTJ,"Experienced Data Scientist specializing in statistical analysis, predictive modeling, and business intelligence solutions.",I enjoy analyzing complex datasets and discovering meaningful insights that help organizations make better decisions.,"Blogging, Chess, Music",collaborative,"innovative, practical, confident","Empathy, Integrity, Discipline, Creativity",7,"Python, Tableau, Scikit-learn",Depends on Opportunity,https://github.com/aaravsharma552,Entry Level,Data Scientist,5-10 LPA,Information Technology,1-2 Years
U063,Rohit Reddy,34,Male,Vijayawada,Andhra Pradesh,Data Scientist,8,B.Tech Computer Science,Data Scientist,Remote,Large (10+ members),Video Courses,"English, Hindi, Tamil",IBM Data Science,Available within 15 days,Information Technology,"Machine Learning, SQL, Python, Data Visualization, Power BI, Statistics",Develop customer recommendation models,INTJ,"Experienced Data Scientist specializing in statistical analysis, predictive modeling, and business intelligence solutions.","I value logical thinking, continuous improvement, and collaborative teamwork. Outside work, I enjoy reading technology blogs and participating in data science competitions.","Badminton, Open Source, Nature Walks",creative,"creative, analytical, focused, curious","Accountability, Teamwork",2,"Python, Pandas, NumPy",No,https://github.com/rohitreddy521,Mid Level,Data Scientist,12-20 LPA,Information Technology,2+ Years
U064,Krishna Joshi,33,Female,Jaipur,Rajasthan,Cybersecurity Analyst,10,B.E Computer Engineering,Cybersecurity Analyst,Remote,Large (10+ members),Hands-on Projects,"English, Telugu",CEH,Immediately Available,Cybersecurity,"Risk Assessment, Cryptography, Firewalls, Network Security, Wireshark, Vulnerability Analysis, Linux",Lead cybersecurity teams,INFJ,"Experienced cybersecurity professional focused on identifying vulnerabilities, improving network security, and developing effective security policies.",Cybersecurity motivates me because technology should always be secure and reliable. I enjoy researching new attack techniques and defensive strategies.,"Fitness, Open Source, Cycling, Hackathons, Travel",independent,"optimistic, supportive, focused","Continuous Learning, Innovation, Adaptability",13,"Linux, Wireshark, Python",Depends on Opportunity,https://github.com/krishnajoshi629,Mid Level,Cybersecurity Analyst,12-20 LPA,Cybersecurity,2+ Years
U065,Aniket Rao,29,Male,Pune,Maharashtra,Product Manager,4,Bachelor of Computer Applications,Product Manager,On-site,Small (2-5 members),Workshops,"English, Tamil",Udemy Professional Course,Immediately Available,Product Management,"Communication, Leadership, Agile, Product Strategy, Analytics, Scrum, Market Research",Build successful digital products,ENFP,Technology-focused Product Manager dedicated to improving customer experience through data-driven product decisions and continuous innovation.,I enjoy understanding customer needs and transforming ideas into successful products that create real value.,"Cricket, Drawing, Fitness, Music",detail-oriented,"optimistic, innovative, practical, patient","Creativity, Respect",7,"Agile, Scrum, Jira",Yes,https://github.com/aniketrao469,Associate,Product Manager,8-15 LPA,Product Management,1-2 Years
U066,Akash Saxena,28,Male,Ahmedabad,Gujarat,AI Research Engineer,5,B.Tech Information Technology,AI Research Engineer,Hybrid,Medium (6-10 members),Workshops,"English, Kannada",Udemy Professional Course,Available within 15 days,Artificial Intelligence,"Computer Vision, Deep Learning, Mathematics, PyTorch, TensorFlow, Scientific Computing, Python",Build intelligent autonomous systems,ENTJ,Artificial Intelligence researcher experienced in designing advanced machine learning models using Python-based frameworks. Interested in solving complex problems through data-driven research and intelligent automation.,I believe continuous learning is essential in artificial intelligence. I enjoy working in collaborative environments where innovative ideas can be transformed into practical AI applications.,"Chess, Drawing, Blogging, Cycling",adaptive,"innovative, focused, analytical, optimistic","Adaptability, Discipline",7,"Python, Hugging Face, PyTorch",Depends on Opportunity,https://github.com/akashsaxena650,Associate,AI Research Engineer,8-15 LPA,Artificial Intelligence,1-2 Years
U067,Aniket Bhat,29,Female,Vijayawada,Andhra Pradesh,Business Analyst,4,B.Tech Information Technology,Business Analyst,On-site,Medium (6-10 members),Books,"English, Telugu",Udemy Professional Course,Available within 30 days,Business Analytics,"Problem Solving, Communication, Tableau, Python, Requirement Gathering",Improve business processes,INTJ,Technology-oriented Business Analyst focused on bridging business needs with technical solutions using analytical and communication skills.,Working closely with stakeholders motivates me to deliver meaningful solutions that create measurable business value. I enjoy continuous learning and teamwork.,"Nature Walks, Movies, Volunteering, Photography",creative,"confident, analytical, practical, innovative, supportive","Creativity, Innovation, Integrity, Respect",4,"Tableau, SQL, Python",Depends on Opportunity,https://github.com/aniketbhat796,Associate,Business Analyst,8-15 LPA,Business Analytics,1-2 Years
U068,Sravani Bhat,27,Female,Ahmedabad,Gujarat,Backend Developer,3,Bachelor of Computer Applications,Backend Developer,On-site,Small (2-5 members),Research Papers,"English, Hindi",Udemy Professional Course,Immediately Available,Software Development,"SQL, Java, Python, Linux, Flask, Docker",Develop distributed applications,ISTJ,Experienced Backend Developer focused on designing efficient server-side architectures and high-performance web applications for enterprise solutions.,I believe strong backend systems are the foundation of successful software products. I enjoy collaborating with frontend developers and DevOps teams.,"Travel, Fitness, Hackathons",analytical,"supportive, patient, practical, creative","Continuous Learning, Empathy, Discipline",8,"Java, Spring Boot, MySQL",Depends on Opportunity,https://github.com/sravanibhat672,Entry Level,Backend Developer,5-10 LPA,Software Development,1-2 Years
U069,Ananya Reddy,21,Male,Kolkata,West Bengal,Database Administrator,0,Bachelor of Computer Applications,Database Administrator,Remote,Small (2-5 members),Mentorship,"English, Hindi, Tamil",Udemy Professional Course,Immediately Available,Database Management,"Oracle, SQL, Performance Tuning, Git, MySQL, Data Modeling, Python",Lead database administration teams,INTJ,"Experienced DBA skilled in database administration, performance tuning, and maintaining secure, reliable data environments.","I am passionate about designing secure, efficient, and scalable database environments while collaborating with development teams.","Volunteering, Open Source, Reading, Gaming, Movies",analytical,"analytical, practical, creative, supportive, innovative","Empathy, Continuous Learning",4,"Oracle, SQL, Linux",No,https://github.com/ananyareddy317,Student,Database Administrator,3-5 LPA,Database Management,No Experience
U070,Vivek Bhat,28,Male,Delhi,Delhi,NLP Engineer,4,Bachelor of Computer Applications,NLP Engineer,Remote,Medium (6-10 members),Hands-on Projects,"English, Kannada",Coursera Professional Certificate,Immediately Available,Artificial Intelligence,"Git, BERT, Machine Learning, Hugging Face, TensorFlow, Transformers, Python",Build multilingual NLP applications,ENTP,AI enthusiast specializing in Natural Language Processing and deep learning. Experienced in designing language understanding solutions that enhance user interaction and information retrieval.,"Curious by nature, I enjoy working on language technologies that simplify communication and solve real-world problems. Outside work, I participate in AI communities and read research papers.","Fitness, Movies, Open Source, Volunteering, Yoga",structured,"innovative, creative, supportive, focused","Innovation, Discipline, Adaptability, Teamwork",10,"Python, BERT, PyTorch",Yes,https://github.com/vivekbhat893,Associate,NLP Engineer,8-15 LPA,Artificial Intelligence,1-2 Years
U071,Surya Kumar,26,Male,Lucknow,Uttar Pradesh,Machine Learning Engineer,3,M.Tech Artificial Intelligence,Machine Learning Engineer,On-site,Medium (6-10 members),Books,"English, Tamil",TensorFlow Developer,Available within 30 days,Information Technology,"Git, Python, NumPy, Natural Language Processing, PyTorch, TensorFlow",Develop AI-powered healthcare solutions,ISFJ,Machine Learning Engineer experienced in designing predictive analytics and recommendation systems using Python-based technologies.,"I believe continuous learning is essential in technology. I enjoy mentoring peers, exploring new AI research, and working in collaborative environments.","Chess, Photography, Cricket",organized,"optimistic, creative, supportive, practical, focused","Discipline, Adaptability, Continuous Learning",7,"Python, TensorFlow, AWS",No,https://github.com/suryakumar201,Entry Level,Machine Learning Engineer,5-10 LPA,Information Technology,1-2 Years
U072,Anusha Verma,33,Male,Lucknow,Uttar Pradesh,Solutions Architect,5,Master of Computer Applications,Solutions Architect,Remote,Small (2-5 members),Mentorship,"English, Hindi, Telugu",Udemy Professional Course,Immediately Available,Information Technology,"Docker, Java, System Design, Python, Azure, Software Architecture, Leadership",Lead architecture teams,ENTJ,"Information Technology professional skilled in system architecture, cloud infrastructure, and technical leadership across enterprise projects.",I believe successful technology architecture combines technical excellence with business understanding. I enjoy mentoring teams and solving complex engineering problems.,"Gaming, Photography, Hackathons",proactive,"practical, confident, creative, supportive","Respect, Adaptability, Discipline, Accountability",3,"Azure, Java, Microservices",Yes,https://github.com/anushaverma284,Associate,Solutions Architect,8-15 LPA,Information Technology,1-2 Years
U073,Keerthana Bhat,22,Male,Ahmedabad,Gujarat,Cloud Engineer,1,B.E Computer Engineering,Cloud Engineer,On-site,Medium (6-10 members),Books,English,AWS Certified Cloud Practitioner,Available within 30 days,Cloud Computing,"Terraform, AWS, Kubernetes, Google Cloud Platform, Cloud Security",Become Cloud Solutions Architect,ENTJ,"Information Technology professional specializing in cloud computing, infrastructure automation, and cloud-native application deployment. Experienced in modern DevOps practices.","Outside work, I explore emerging cloud platforms, security best practices, and automation tools that improve operational efficiency.","Cricket, Hackathons, Public Speaking, Drawing, Cycling",structured,"analytical, supportive, focused","Discipline, Accountability",2,"GCP, Kubernetes, Docker",Depends on Opportunity,https://github.com/keerthanabhat844,Intern,Cloud Engineer,4-6 LPA,Cloud Computing,Less than 1 Year
U074,Nikhil Rao,24,Female,Chennai,Tamil Nadu,Database Administrator,3,M.Tech Artificial Intelligence,Database Administrator,Hybrid,Small (2-5 members),Books,"English, Kannada",Microsoft Certified,Available within 30 days,Database Management,"Database Security, Performance Tuning, Git, Replication, MySQL, Data Modeling",Ensure data security,ISTJ,"Database Administrator experienced in managing enterprise databases, optimizing performance, and ensuring high availability of business-critical systems.",I enjoy maintaining reliable database systems that support organizational success through secure and efficient data management.,"Music, Hackathons, Cricket, Yoga",creative,"creative, curious, innovative, focused, practical","Teamwork, Accountability, Continuous Learning, Creativity",1,"Oracle, SQL, Linux",Yes,https://github.com/nikhilrao854,Entry Level,Database Administrator,5-10 LPA,Database Management,1-2 Years
U075,Karthik Sharma,28,Female,Chennai,Tamil Nadu,Full Stack Developer,2,M.Tech Artificial Intelligence,Full Stack Developer,Remote,Large (10+ members),Hands-on Projects,"English, Telugu",Coursera Professional Certificate,Available within 15 days,Software Development,"React, REST APIs, Node.js, MongoDB, SQL",Develop complete web applications,ISTP,Full Stack Developer experienced in building complete web applications using modern frontend and backend technologies. Passionate about delivering scalable and user-friendly software solutions.,"Outside work, I enjoy contributing to open-source projects, learning new frameworks, and experimenting with modern web technologies.","Fitness, Yoga, Music, Movies",structured,"practical, creative, supportive","Teamwork, Innovation, Accountability",8,"React, Node.js, MongoDB",Yes,https://github.com/karthiksharma228,Entry Level,Full Stack Developer,5-10 LPA,Software Development,Less than 1 Year
U076,Neha Bhat,34,Female,Mumbai,Maharashtra,UI/UX Designer,4,M.Tech Data Science,UI/UX Designer,On-site,Large (10+ members),Workshops,"English, Malayalam",Google Professional Certificate,Available within 30 days,Design,"Adobe XD, Creativity, Wireframing, Communication, UX Design",Become UX Architect,ESTJ,Creative designer passionate about building intuitive interfaces that improve usability and customer satisfaction.,Creativity and empathy inspire me to design products that solve real-world problems effectively.,"Yoga, Movies, Gaming, Open Source, Chess",collaborative,"supportive, innovative, analytical","Empathy, Continuous Learning",3,"Figma, Adobe XD, Photoshop",Depends on Opportunity,https://github.com/nehabhat463,Associate,UI/UX Designer,8-15 LPA,Design,1-2 Years
U077,Bhavya Sharma,35,Female,Bengaluru,Karnataka,Computer Vision Engineer,1,B.Tech Computer Science,Computer Vision Engineer,Remote,Medium (6-10 members),Workshops,"English, Malayalam",Udemy Professional Course,Available within 15 days,Artificial Intelligence,"TensorFlow, CNN, NumPy, Computer Vision, Deep Learning, Image Processing",Build autonomous computer vision applications,INTJ,"Computer Vision Engineer experienced in designing intelligent image processing and object detection systems using Python, OpenCV, and deep learning frameworks.","Curious and analytical by nature, I enjoy transforming visual data into intelligent solutions while continuously improving my technical and research skills.","Nature Walks, Yoga, Fitness, Cricket, Music",analytical,"confident, patient, creative","Creativity, Accountability, Continuous Learning, Innovation",1,"Python, TensorFlow, OpenCV",Yes,https://github.com/bhavyasharma379,Intern,Computer Vision Engineer,4-6 LPA,Artificial Intelligence,Less than 1 Year
U078,Nikitha Rao,34,Female,Chennai,Tamil Nadu,QA Engineer,1,Bachelor of Computer Applications,QA Engineer,Remote,Small (2-5 members),Books,"English, Hindi, Telugu",Coursera Professional Certificate,Immediately Available,Software Testing,"Manual Testing, Python, Automation Testing, TestNG, Git",Develop advanced testing frameworks,ISTJ,"Experienced QA Engineer skilled in test planning, defect tracking, and automation testing. Focused on ensuring software quality throughout the development lifecycle.",Software testing allows me to solve problems systematically while improving user satisfaction. I enjoy learning new automation tools and testing techniques.,"Cricket, Travel, Reading, Cycling, Volunteering",analytical,"analytical, optimistic, practical, patient, innovative","Creativity, Integrity, Empathy, Accountability",1,"JUnit, Selenium, Git",Yes,https://github.com/nikitharao757,Intern,QA Engineer,4-6 LPA,Software Testing,Less than 1 Year
U079,Anusha Singh,23,Male,Ahmedabad,Gujarat,Product Manager,0,Master of Computer Applications,Product Manager,On-site,Large (10+ members),Mentorship,"English, Hindi, Tamil",Microsoft Certified,Available within 15 days,Product Management,"Agile, Analytics, Decision Making, Roadmapping, Product Strategy, JIRA",Build successful digital products,INFJ,"Experienced Product Manager skilled in Agile methodologies, market research, and product roadmap development for technology-driven organizations.","Outside work, I enjoy exploring startup ecosystems, reading about product strategy, and learning emerging technologies.","Cycling, Cricket, Music, Hackathons, Travel",proactive,"curious, creative, patient, innovative, optimistic","Accountability, Continuous Learning",2,"JIRA, SQL, Analytics",Depends on Opportunity,https://github.com/anushasingh386,Student,Product Manager,3-5 LPA,Product Management,No Experience
U080,Nandini Nair,34,Female,Hyderabad,Telangana,Business Analyst,7,Master of Computer Applications,Business Analyst,Remote,Large (10+ members),Workshops,"English, Kannada",Microsoft Certified,Immediately Available,Business Analytics,"Business Process Modeling, Excel, Stakeholder Management, Communication, SQL, Power BI",Lead digital transformation initiatives,INFJ,Dedicated Business Analyst experienced in transforming business requirements into practical technology solutions that improve operational efficiency.,Working closely with stakeholders motivates me to deliver meaningful solutions that create measurable business value. I enjoy continuous learning and teamwork.,"Nature Walks, Hackathons, Reading",creative,"innovative, optimistic, analytical","Discipline, Teamwork",12,"Excel, Tableau, Power BI",No,https://github.com/nandininair802,Mid Level,Business Analyst,12-20 LPA,Business Analytics,2+ Years
U081,Riya Mishra,21,Male,Mumbai,Maharashtra,DevOps Engineer,0,Master of Computer Applications,DevOps Engineer,Hybrid,Small (2-5 members),Workshops,"English, Hindi",Udemy Professional Course,Available within 30 days,Cloud Computing,"Automation, AWS, Kubernetes, Docker, Terraform",Lead platform engineering teams,ISTP,"DevOps professional skilled in infrastructure management, deployment automation, and cloud operations. Dedicated to improving system reliability and operational efficiency.","I enjoy automating repetitive tasks and improving software delivery processes. I value efficiency, teamwork, and continuous improvement.","Cricket, Cycling, Open Source, Badminton",creative,"optimistic, patient, analytical, supportive","Adaptability, Continuous Learning",5,"Docker, Kubernetes, Jenkins",Depends on Opportunity,https://github.com/riyamishra994,Student,DevOps Engineer,3-5 LPA,Cloud Computing,No Experience
U082,Harsha Verma,28,Male,Bengaluru,Karnataka,Computer Vision Engineer,1,Master of Computer Applications,Computer Vision Engineer,On-site,Large (10+ members),Workshops,"English, Hindi",Microsoft Certified,Available within 15 days,Artificial Intelligence,"Deep Learning, CNN, OpenCV, Object Detection, Git, Computer Vision",Build autonomous computer vision applications,ENTJ,"Experienced Computer Vision Engineer focused on image analysis, object detection, and visual intelligence using TensorFlow and PyTorch.","I enjoy solving challenging image processing problems and continuously learning modern computer vision techniques. I value creativity, innovation, and collaboration.","Blogging, Hackathons, Open Source, Movies, Photography",analytical,"creative, curious, innovative, supportive","Discipline, Adaptability, Teamwork",3,"Python, PyTorch, OpenCV",No,https://github.com/harshaverma178,Intern,Computer Vision Engineer,4-6 LPA,Artificial Intelligence,Less than 1 Year
U083,Karthik Yadav,33,Male,Hyderabad,Telangana,Computer Vision Engineer,9,B.Tech Computer Science,Computer Vision Engineer,Remote,Large (10+ members),Books,"English, Tamil",Google Professional Certificate,Available within 15 days,Artificial Intelligence,"OpenCV, Python, Computer Vision, PyTorch, TensorFlow",Build autonomous computer vision applications,ESTJ,"Computer Vision Engineer experienced in designing intelligent image processing and object detection systems using Python, OpenCV, and deep learning frameworks.","Curious and analytical by nature, I enjoy transforming visual data into intelligent solutions while continuously improving my technical and research skills.","Photography, Cooking, Volunteering, Open Source",goal-oriented,"innovative, practical, creative","Teamwork, Innovation, Respect",9,"Python, OpenCV, YOLO",Yes,https://github.com/karthikyadav114,Mid Level,Computer Vision Engineer,12-20 LPA,Artificial Intelligence,2+ Years
U084,Pranav Yadav,23,Female,Kolkata,West Bengal,UI/UX Designer,1,B.Tech Information Technology,UI/UX Designer,On-site,Large (10+ members),Video Courses,"English, Hindi",Udemy Professional Course,Available within 30 days,Design,"Illustrator, Creativity, Communication, Prototyping, User Research",Improve product accessibility,INFJ,"UI/UX Designer experienced in creating user-centered digital experiences through research, prototyping, and modern design tools.",I enjoy creating intuitive experiences that make technology simple and enjoyable for users.,"Drawing, Hackathons, Movies, Cycling, Open Source",analytical,"curious, focused, patient","Respect, Integrity",4,"Figma, Adobe XD, Photoshop",No,https://github.com/pranavyadav914,Intern,UI/UX Designer,4-6 LPA,Design,Less than 1 Year
U085,Ishita Chowdhury,33,Female,Vijayawada,Andhra Pradesh,Solutions Architect,5,M.Tech Data Science,Solutions Architect,Hybrid,Large (10+ members),Mentorship,"English, Hindi, Telugu",Google Professional Certificate,Available within 30 days,Information Technology,"Azure, AWS, Cloud Architecture, Enterprise Solutions, Java, Software Architecture, Microservices",Design enterprise technology solutions,INTJ,Solutions Architect passionate about delivering innovative technology solutions that align business objectives with scalable software systems.,"Outside work, I enjoy exploring emerging cloud technologies, system design concepts, and enterprise architecture patterns.","Fitness, Badminton, Gaming, Drawing, Chess",detail-oriented,"curious, analytical, practical, confident","Teamwork, Integrity, Empathy, Discipline",6,"AWS, Kubernetes, Docker",Yes,https://github.com/ishitachowdhury376,Associate,Solutions Architect,8-15 LPA,Information Technology,1-2 Years
U086,Diya Agarwal,33,Male,Chennai,Tamil Nadu,Machine Learning Engineer,5,Bachelor of Computer Applications,Machine Learning Engineer,Hybrid,Large (10+ members),Hands-on Projects,"English, Hindi, Telugu",Google AI,Available within 15 days,Information Technology,"NumPy, Scikit-learn, Git, Python, Machine Learning",Develop AI-powered healthcare solutions,INTP,"Machine Learning Engineer with experience developing predictive models using Python, TensorFlow, and Scikit-learn. Passionate about solving real-world problems through artificial intelligence.","I believe continuous learning is essential in technology. I enjoy mentoring peers, exploring new AI research, and working in collaborative environments.","Volunteering, Drawing, Cycling, Cooking, Hackathons",organized,"practical, creative, innovative, confident, focused","Respect, Innovation, Discipline, Creativity",3,"Python, PyTorch, Docker",Depends on Opportunity,https://github.com/diyaagarwal216,Associate,Machine Learning Engineer,8-15 LPA,Information Technology,1-2 Years
U087,Aarav Malhotra,30,Female,Mumbai,Maharashtra,Full Stack Developer,1,B.Tech Information Technology,Full Stack Developer,On-site,Small (2-5 members),Mentorship,"English, Hindi, Telugu",Udemy Professional Course,Immediately Available,Software Development,"REST APIs, Python, React, HTML, Node.js, MongoDB",Master modern full stack technologies,ENTJ,"Software Engineer specializing in full stack application development with expertise in React, Django, Node.js, and SQL databases. Experienced in developing end-to-end web solutions.",I believe understanding the entire software development lifecycle helps build better applications. I enjoy working with cross-functional teams and solving technical challenges.,"Music, Hackathons, Cricket",independent,"curious, practical, innovative, patient, focused","Innovation, Accountability, Empathy",4,"Django, React, PostgreSQL",No,https://github.com/aaravmalhotra981,Intern,Full Stack Developer,4-6 LPA,Software Development,Less than 1 Year
U088,Sneha Kapoor,27,Female,Jaipur,Rajasthan,Business Analyst,2,B.E Computer Engineering,Business Analyst,Remote,Medium (6-10 members),Video Courses,"English, Telugu",Google Professional Certificate,Available within 15 days,Business Analytics,"Communication, Documentation, Tableau, Power BI, Problem Solving",Improve business processes,ENFJ,"Experienced Business Analyst specializing in process improvement, data analysis, and business intelligence solutions that support strategic decision-making.",I enjoy understanding business challenges and identifying opportunities for improvement through analytical thinking and collaboration.,"Volunteering, Cooking, Yoga",detail-oriented,"analytical, focused, patient","Accountability, Discipline",5,"Power BI, SQL, Excel",Yes,https://github.com/snehakapoor569,Entry Level,Business Analyst,5-10 LPA,Business Analytics,Less than 1 Year
U089,Lavanya Saxena,25,Male,Pune,Maharashtra,Data Analyst,2,B.Tech Computer Science,Data Analyst,Remote,Small (2-5 members),Mentorship,"English, Malayalam",Google Professional Certificate,Available within 15 days,Analytics,"Tableau, Visualization, Python, SQL, Pandas, Business Analytics, Data Cleaning",Improve organizational decision making,ISTJ,"Experienced in business analytics, reporting, and dashboard development using modern analytical tools and visualization platforms.","I enjoy organizing information, solving analytical problems, and helping teams make informed decisions using data.","Drawing, Yoga, Cricket, Music",proactive,"creative, focused, innovative, practical","Empathy, Integrity",8,"Excel, SQL, Power BI",Yes,https://github.com/lavanyasaxena563,Entry Level,Data Analyst,5-10 LPA,Analytics,Less than 1 Year
U090,Vivek Yadav,25,Male,Ahmedabad,Gujarat,Cybersecurity Analyst,4,M.Tech Artificial Intelligence,Cybersecurity Analyst,On-site,Large (10+ members),Books,"English, Kannada",CEH,Available within 15 days,Cybersecurity,"Wireshark, Risk Assessment, Network Security, Python, Ethical Hacking",Protect enterprise systems,INFJ,Technology professional dedicated to safeguarding digital assets through proactive security monitoring and continuous risk management.,Cybersecurity motivates me because technology should always be secure and reliable. I enjoy researching new attack techniques and defensive strategies.,"Photography, Movies, Badminton, Fitness, Travel",goal-oriented,"creative, patient, confident","Integrity, Accountability",1,"Kali Linux, Burp Suite, Python",Depends on Opportunity,https://github.com/vivekyadav486,Associate,Cybersecurity Analyst,8-15 LPA,Cybersecurity,1-2 Years
U091,Rahul Bhat,24,Male,Indore,Madhya Pradesh,UI/UX Designer,3,M.Tech Data Science,UI/UX Designer,On-site,Medium (6-10 members),Hands-on Projects,"English, Hindi, Tamil",Microsoft Certified,Immediately Available,Design,"Wireframing, Illustrator, User Research, UI Design, Adobe XD, Figma, Prototyping",Design world-class digital interfaces,ENFP,"Experienced UI/UX professional specializing in user research, interaction design, and responsive interface development.",I am passionate about transforming ideas into beautiful and functional digital experiences through creativity and collaboration.,"Badminton, Travel, Chess",proactive,"innovative, optimistic, practical, focused","Adaptability, Empathy, Integrity",1,"Figma, Prototyping, Photoshop",Depends on Opportunity,https://github.com/rahulbhat455,Entry Level,UI/UX Designer,5-10 LPA,Design,1-2 Years
U092,Aniket Iyer,23,Female,Lucknow,Uttar Pradesh,Data Analyst,1,Master of Computer Applications,Data Analyst,On-site,Large (10+ members),Hands-on Projects,"English, Kannada",Microsoft Certified,Available within 15 days,Analytics,"Visualization, Pandas, SQL, Python, Power BI, Excel, Business Analytics",Become Senior Data Analyst,ESTJ,"Data Analyst skilled in SQL, Python, Excel, and Power BI for transforming complex datasets into actionable business insights.","I value accuracy, teamwork, and continuous learning. Outside work, I enjoy reading, chess, and improving my analytical skills.","Cricket, Volunteering, Music, Gaming",goal-oriented,"innovative, supportive, focused","Discipline, Innovation",3,"Python, SQL, Tableau",No,https://github.com/aniketiyer422,Intern,Data Analyst,4-6 LPA,Analytics,Less than 1 Year
U093,Krishna Nair,29,Male,Mumbai,Maharashtra,AI Research Engineer,0,B.E Computer Engineering,AI Research Engineer,Hybrid,Medium (6-10 members),Workshops,"English, Hindi, Tamil",Google Professional Certificate,Available within 30 days,Artificial Intelligence,"TensorFlow, Natural Language Processing, Computer Vision, Python, Scientific Computing, PyTorch",Publish research in top AI conferences,ESFJ,"AI Research Engineer passionate about advancing artificial intelligence through innovative research in deep learning, natural language processing, and computer vision. Experienced in Python, TensorFlow, and PyTorch for building intelligent systems.",I believe continuous learning is essential in artificial intelligence. I enjoy working in collaborative environments where innovative ideas can be transformed into practical AI applications.,"Drawing, Public Speaking, Cooking, Yoga",structured,"focused, practical, creative, innovative, supportive","Continuous Learning, Respect, Integrity, Teamwork",6,"Python, Hugging Face, PyTorch",Yes,https://github.com/krishnanair736,Student,AI Research Engineer,3-5 LPA,Artificial Intelligence,No Experience
U094,Arjun Singh,30,Female,Kolkata,West Bengal,Computer Vision Engineer,2,B.E Computer Engineering,Computer Vision Engineer,On-site,Medium (6-10 members),Mentorship,"English, Malayalam",Udemy Professional Course,Available within 15 days,Artificial Intelligence,"PyTorch, Computer Vision, Git, NumPy, Image Processing",Improve object detection algorithms,INTJ,"Artificial Intelligence Engineer with expertise in computer vision algorithms, convolutional neural networks, and intelligent visual systems. Interested in solving real-world vision challenges.","My passion lies in developing intelligent visual systems that improve automation and real-world applications. Outside work, I enjoy exploring emerging AI technologies.","Gaming, Public Speaking, Chess, Movies",structured,"practical, analytical, curious, optimistic","Creativity, Discipline, Respect, Innovation",10,"Python, OpenCV, YOLO",Yes,https://github.com/arjunsingh884,Entry Level,Computer Vision Engineer,5-10 LPA,Artificial Intelligence,Less than 1 Year
U095,Madhuri Verma,22,Female,Ahmedabad,Gujarat,Data Engineer,1,B.Tech Information Technology,Data Engineer,On-site,Small (2-5 members),Mentorship,English,Coursera Professional Certificate,Available within 15 days,Information Technology,"ETL, Git, Data Warehousing, Big Data, Docker, Linux",Improve enterprise data infrastructure,INTJ,"Data Engineer experienced in designing scalable data pipelines, ETL workflows, and cloud-based data platforms using Python, SQL, and Apache Spark.",I am passionate about building efficient data platforms that enable organizations to make data-driven decisions. Continuous learning and innovation motivate my professional growth.,"Photography, Badminton, Gaming, Cycling",organized,"confident, supportive, focused, optimistic, creative","Discipline, Innovation",6,"Python, SQL, Airflow",Depends on Opportunity,https://github.com/madhuriverma503,Intern,Data Engineer,4-6 LPA,Information Technology,Less than 1 Year
U096,Surya Verma,23,Male,Bhubaneswar,Odisha,Software Engineer,1,M.Tech Artificial Intelligence,Software Engineer,Remote,Medium (6-10 members),Hands-on Projects,"English, Telugu",Udemy Professional Course,Immediately Available,Information Technology,"Data Structures, REST APIs, C++, Algorithms, Java, SQL, Software Design",Become a Technical Lead,ENTJ,"Experienced Software Engineer with expertise in algorithms, software architecture, and application development. Passionate about creating efficient, scalable, and high-quality software products.",I believe successful software development combines technical excellence with effective teamwork. I enjoy exploring emerging technologies and improving system performance.,"Open Source, Movies, Chess, Volunteering, Photography",detail-oriented,"patient, focused, innovative","Empathy, Innovation, Creativity, Accountability",3,"Java, Docker, Git",No,https://github.com/suryaverma492,Intern,Software Engineer,4-6 LPA,Information Technology,Less than 1 Year
U097,Vaishnavi Singh,22,Male,Hyderabad,Telangana,Database Administrator,1,M.Tech Artificial Intelligence,Database Administrator,On-site,Medium (6-10 members),Books,"English, Hindi, Tamil",Udemy Professional Course,Available within 15 days,Database Management,"Performance Tuning, Replication, MySQL, Git, SQL, Linux",Ensure data security,INTJ,"Technology professional dedicated to delivering secure, scalable, and high-performance database solutions.",Problem-solving and attention to detail motivate me to optimize database performance and ensure data integrity.,"Gaming, Hackathons, Reading, Cycling, Yoga",collaborative,"curious, patient, confident, focused, creative","Innovation, Continuous Learning, Accountability",1,"Oracle, SQL, Linux",Depends on Opportunity,https://github.com/vaishnavisingh807,Intern,Database Administrator,4-6 LPA,Database Management,Less than 1 Year
U098,Keerthana Pandey,23,Male,Mumbai,Maharashtra,Machine Learning Engineer,0,Master of Computer Applications,Machine Learning Engineer,Remote,Small (2-5 members),Books,"English, Hindi",AWS Machine Learning,Immediately Available,Information Technology,"Python, Pandas, Natural Language Processing, PyTorch, NumPy",Become an AI Architect,ENTJ,"AI professional specializing in machine learning, deep learning, and data-driven solutions. Interested in building intelligent applications with modern ML frameworks.","I believe continuous learning is essential in technology. I enjoy mentoring peers, exploring new AI research, and working in collaborative environments.","Reading, Badminton, Movies, Cooking, Travel",creative,"curious, innovative, optimistic, confident, supportive","Integrity, Adaptability, Continuous Learning, Creativity",3,"Python, PyTorch, Docker",No,https://github.com/keerthanapandey323,Student,Machine Learning Engineer,3-5 LPA,Information Technology,No Experience
U099,Vivaan Patel,22,Male,Pune,Maharashtra,Data Analyst,0,M.Tech Data Science,Data Analyst,On-site,Large (10+ members),Video Courses,"English, Hindi, Tamil",Google Professional Certificate,Available within 30 days,Analytics,"Business Analytics, Pandas, Excel, Tableau, Power BI, Python",Improve organizational decision making,ISTJ,"Experienced in business analytics, reporting, and dashboard development using modern analytical tools and visualization platforms.","I value accuracy, teamwork, and continuous learning. Outside work, I enjoy reading, chess, and improving my analytical skills.","Travel, Drawing, Gaming",structured,"optimistic, confident, patient","Accountability, Respect, Innovation",6,"SQL, Power BI, Excel",No,https://github.com/vivaanpatel716,Student,Data Analyst,3-5 LPA,Analytics,No Experience
U100,Aditya Ghosh,35,Female,Kolkata,West Bengal,Product Manager,2,Bachelor of Computer Applications,Product Manager,On-site,Small (2-5 members),Research Papers,"English, Kannada",Udemy Professional Course,Available within 15 days,Product Management,"Decision Making, JIRA, User Research, Roadmapping, Product Strategy",Build successful digital products,ENTJ,"Results-oriented Product Manager specializing in product lifecycle management, stakeholder communication, and business growth.","Outside work, I enjoy exploring startup ecosystems, reading about product strategy, and learning emerging technologies.","Travel, Cooking, Photography",analytical,"focused, innovative, analytical, curious","Integrity, Innovation",3,"Product Analytics, SQL",Yes,https://github.com/adityaghosh518,Entry Level,Product Manager,5-10 LPA,Product Management,Less than 1 Year
